text,quote,users,topic,times
Устроим голосование по домашним питомцам,,Гость,Animals&Pets,21 мар 2019
"Ребёнок очень просит эту милую зверушку. Вопрос решенный, будем покупать. Узнали, что в Домодедово есть питомник, у кого-нибудь есть опыт покупки?",,coed, Animals&Pets,3 авг 2020
 Кролика хотите покупать?Их в квартире держат или на даче?,, Fd, Animals&Pets, 5 авг 2020
 а почему в питомнике?,, KeyK, Animals&Pets, 5 авг 2020
" Мне очень понравился питомник «Царский кролик», наполнение сайта, вся представленная информация является свежей, полезной. Процесс обсуждения-выбора кролика был очень доброжелательным. Настоящий питомник с чистенькими, ухоженными животными с очень порядочной заводчицей, собственным специалистом по грызунам и экзотическим животным! Только наилучшие впечатления! Рекомендую питомник.",, iki,Animals&Pets, 10 авг 2020
"С нас сняли ограничения и разрешили работать, работы накопилось много, будем работать допоздна. Но дома остается кот с кошкой. Думаем купить им сухого корма и насыпать побольше чтобы им хватило пока не придем с работы. Какой корм посоветуйте и где можно купить с доставкой?",,Dhulj, Animals&Pets,5 авг 2020
" зависит кастрированные или нет, какой бюджет готовы тратить",, KeyK, Animals&Pets, 5 авг 2020
 Изменено 6 авг 22 пользователем Dhulj,, Dhulj,Animals&Pets, 6 авг 2020ttttttt(изменено)ttttttttttt
"Мой Братан и на работе помнит про кота.А кот у Братана--ну просто чудо!У этого котяры житуха--ляпота!Он мясо ест из дорогой посуды:)))Без кота и жизнь не та,А с котом,как праздник.Во всём доме скукота,Если спит проказник.Ему не в жилу,не в положняк мышей ловить.На кушетке спать котяра не привык.Гостей-ментов недобрых он выгонит взашей,А коль маньяк,то он вцепится в кадык.Без кота и жизнь не та,А с котом,как праздник.Во всём доме скукота,Если спит проказник.Он Братану-то палец чуть раз не откусил,Когда Братишка курнуть ему не дал.И лишь подругу он свою милую МусИУважает и боится,хоть амбал.Без кота и жизнь не та,А с котом,как праздник.Во всём доме скукота,Если спит проказник.17.1.18г.© Copyigh:Игорь Бабиченков, 218Свидетельство о публикации №1181174549",,dmm51, Animals&Pets,10 мар 2019
 Отличное стихотворение! И все - правда ,, CheyLdy, Animals&Pets, 19 янв 2020
 о да.. без домашних животных жизнь пуста,, Augusi, Animals&Pets, 5 фев 2020
 )) вышло весьма интересноВ добавок вот фото моего кота,, opvol, Animals&Pets, 28 фев 2020
 , Отличное стихотворение! И все - правда , dmm51, Animals&Pets, 28 фев 2020
 Со двора кошку взяли в питере живет уже 5 летhp://spb.uИзменено 24 май 22 пользователем ewq123ошибка,, ewq123,Animals&Pets, 24 май 2020ttttttt(изменено)ttttttttttt
"Я решила завести домашнее животное. Но кошки, собаки, как-то очень просто. И слишком экзотических не хочу. Вот думаю, шиншиллав самый раз. Расскажите, как за нейухаживать, как кормить? Насколько они адаптированы к квартирам? ",,Морская звезда, Animals&Pets,5 фев 2016
" Я знаю, что шиншиллы не очень привередливые. Но им нужна определённая температура, чтобы не жарко и не холодно. Избегать прямых солнечных лучей, не выносить на улицу, чтобы она не подхватила чего-нибудь там.Питаться шиншилла может овощами, фруктами, корешками, веточками. В её рационе должна преобладать твёрдая пища.",, ВлаДа, Animals&Pets, 6 фев 2016
" Ну спреями разными, а лучше в химчистку сдать)))",, ГлебК, Animals&Pets, 14 май 2016
 А запах от них - закачаешься.. Готовы терпеть? Или ежедневно все чистить генуборкой в клетке и само животное мыть.,, Ласковая, Animals&Pets, 31 авг 2016
 Изменено 7 янв 218 пользователем Mish, А запах от них - закачаешься.. Готовы терпеть? Или ежедневно все чистить генуборкой в клетке и само животное мыть., Mish, Animals&Pets, 7 янв 2018ttttttt(изменено)ttttttttttt
" Решала похожуюпроблему с запахом одоргоном профессионалом. Прекрасно удаляет запахи животных. Кстати,за отзыв при покупке дали скидку.", .....чтобы убратьнеприятный запах от животных и их жизнедеятельности. ....., LusiM, Animals&Pets, 17 апр 2019
 Люблю шиншилок очень сильно!! Они такие миленькие,, EkeiM, Animals&Pets, 17 апр 2019
" им нужно много пространства. мы покупали для них огромную клетку, в виде домика,с крышей, где они пряталисьи обязательно ставили им бассейнчик.только не из воды,а песка, они так моются. специальный песок продается в зоомагазине.",, hollyblode, Animals&Pets, 29 авг 2019
" Как по мне, эти грызуны излишне капризные в уходе, и сквозняк нельзя, и гулять часто, и песок для купания, и клетка на пол квартиры. и ради чего? по ночам шумные, потискать не даются. лучше уж кошка, от нее хоть ответная любовь есть",, sweeculy, Animals&Pets, 17 сен 2019
" Шиншиллы очень даже привереды нельзя допускать сквозников в квартире, прямых солнечных лучей, кричать и включать громко музыку рядом с ними, у них может случиться разрыв сердца. так же им нужна мягкая подстилка чтобы они не сбивали лапки. готовьтесь что ночью они будут издавать очень громкие звуки так как это ночное животное. но у них плюс в том что они живут очень долго, моя прожила 2 лет при хорошем уходе.",, Els, Animals&Pets, 18 сен 2019
" Шиншилле нужна большая клетка с ярусами, они очень прыгучие. Кормить их несложно, ну и при должном уходе и запаха не будет",, CheyLdy,Animals&Pets, 19 янв 2020
"Хочу завести себе питомца, но не могу определиться кто лучше - собака или кошка. Собачку я имею в виду маленькую, что-то типа шпица или чихуа-хуа, чтобы с ней не нужно было гулять. Кошку может быть британку. Что бы вы посоветовали?",,Dsh, Animals&Pets,1 фев 2016
 Собака,, Nli, Animals&Pets, 1 фев 2016
" В вашем выборе, яза кошку. Для меня собака - это большое животное, а не вот эти карманные непонятно кто, у которых от собак одно название. С кошкой всё понятно - живёт дома, не выходит на улицу. А такая мелкая собака как-то странно, вроде и гулять не надо, а вроде как и положено, раз называется собакой. Нет, всё-таки кошка.",, Веленка, Animals&Pets, 2 фев 2016
" Я однозначно за кошек Гулять ежедневно не нужно, звери небольшие, но самостоятельные. У нас они с самого моего детства жили, поэтому симпатия уже навсегда",, Deeb, Animals&Pets, 27 фев 2016
" Автор, какимы бы не были маленькими собаки, с ними все равно нужно гулять, не так часто, конечно, как с большими, но тем не менее. Иначе будут проблемы со здоровьем. Поэтому, в данном случае я за кота)",, Niss, Animals&Pets, 27 фев 2016
" Конечно собака, большая такая, слюнявая...",, ГлебК, Animals&Pets, 14 май 2016
 Кошку,, Elizve, Animals&Pets, 14 май 2016
" Кошек любила только в детстве, особенно в виде котят). А потом поняла, что кошки очень своенравные и зачастую неблагодарные животные (не все). Собаки же преданные и любящие. Поэтому если бы заводила, то собаку.",, Лаванда, Animals&Pets, 14 май 2016
" Смотря что вы ждете от домашнего животного. Собака более контактна, привязана, особенно, если сравнивать с независимым британцем, который ходит и живет сам по себе. Собаке, наверное, нужно больше внимания.",, Анжелика, Animals&Pets, 14 май 2016
" Наверное если бы передо мной стоял выбор, то я выбрала бы собаку. Все таки они мне больше нравится и они преданные. Редко можно встретить что бы собака убежала и не вернулась никогда, а вот с кошками это встречается очень часто.",, Мандаринка, Animals&Pets, 14 май 2016
" Как это ""Кто лучше?""? Все животные хорошие. Это уже зависит от того, кто Вам больше нравится и сколько времени Вы готовы тратить на своего питомца? Я больше люблю собак, потому что они преданные своему хозяину, а кошки свободолюбивые животные, они к соседям могут переметнуться с большим удовольствием. Лазят где-то сутками, не найти их, не дозваться. А собака всегда бежит тебя встречать, радуется твоему приходу....",, Lizz, Animals&Pets, 17 май 2016
" Бесспорно, нельзя делить животных на подразделы ""Кто лучше"".)) Просто одним больше нравятся котики, другим собаки. Я вообще всех животных люблю.",, Tiy, Animals&Pets, 18 май 2016
" Пф.... Конечно,собака!!! Это самое-самое лучшее животное! Оно будет любить вас больше, чем себя...",, Evgei_Wie, Animals&Pets, 2 июн 2016
" Если гулять не хотите, то однозначно кошку.К тому же мелкие собачонки до жути шумные и часто не совсем хорошо себя ведут. Кошки какие то более спокойные, особенно если взять не несмышленыша, а уже подготовленного котенка, который приучен и к когтеточки и к лотку.",, Rmik, Animals&Pets, 2 июн 2016
" Я за собак. Я всех животных люблю, но вот собаки мне ближе. Многие говорят, что с собакой гулять, нет, не охото. Я наоборот люблю с ней гулять. Просто так я бы гулять не пошла, а вот с собакой с удовольствием. И я люблю больших собак. У нас немецкая овчарка.",, Mi, Animals&Pets, 3 июн 2016
" А у меня есть пес , кот и три кошки))))",, Helle, Animals&Pets, 3 июн 2016
 Я за собаку. У нас такса. С ней веселей.,, Tli, Animals&Pets, 3 июн 2016
 собака) но ее все равно придется выгуливать хотя бы раз в день..,, VioleY, Animals&Pets, 3 июн 2016
 Я кошатница. Люблю кошек с детства. У меня дома одна живет уже 8 лет.НО оказалось что я еще и собачница - у меня чау - и я ее просто обожаю. Год воспитывала - а теперь наслаждаюсь...Поэтому - мне выбор тяжело сделать)),, Zidogj, Animals&Pets, 24 июн 2016
 , Я кошатница. Люблю кошек с детства. У меня дома одна живет уже 8 лет.НО оказалось что я еще и собачница - у меня чау - и я ее просто обожаю. Год воспитывала - а теперь наслаждаюсь...Поэтому - мне выбор тяжело сделать)), BlodDoll, Animals&Pets, 30 июн 2016
" вислоушки - какие красивые. ну как можно этих созданий не любить. Моя уже старенькая кошака - но такая гордая. особенно последнее время противная - как старые люди, стала.",, Xyhuvupu, Animals&Pets, 6 июл 2016
 мне тоже вислоухие нравятся. не зря в эГИПТЕ ИМ ПОКЛОНЯЛИСЬ. цАРСТВЕННЫЕ ЖИВОТНЫЕ.,, Zidogj, Animals&Pets, 6 июл 2016
" С любой собакой нужно гулять!! Собакам нужно бегать! Я завела собаку, и не разу не жалею. Когда нет времени погулять, мы выводим ее буквально на пару минут по делам, и вообще это очень классно иметь собаку. На море тусим с собакой, на природе с палаткой с собакой. Это классный член семьи))",, missis.om, Animals&Pets, 26 июл 2016
 Я больше собак люблю! Они умные! А коты - подлые),, Solishko, Animals&Pets, 26 июл 2016
 при таком раскладе лучше хомячка или попугая.,, Deez, Animals&Pets, 31 июл 2016
" Всегда были собачки, кошек как то не очень..",, Assi, Animals&Pets, 31 июл 2016
" В каждом сои плюсы и минусы. Кошка как известно гуляет сама по себе, тут и плюс и минус, она не так привязана к хозяину. А вот собака - это настоящий друг человека, только внимания гораздо больше. У меня вот пёсик, точнее это просто второй ребёнок...",, mizoloov, Animals&Pets, 8 авг 2016
" Я кошатница и поэтому за кошку. Умные, самостоятельные, самодостаточные и в то же время ласковые животные! Но решать в любом случае Вам - жить-то с питомцем будете Вы. У Вас у самой к чему сердце склоняется?",, OlgOlg_5, Animals&Pets, 7 ноя 2016
 Я считаю что кошки - это чисто квартирные животные. Но это мое личное мнение.,, Настя26, Animals&Pets, 8 ноя 2016
" Пусть с маленькой собакой не надо гулять, но и за кошкой, и за собакой все равно нужен уход. Так что тут все зависит от того ""кошатница"" Вы или ""собачница"")",, Js, Animals&Pets, 8 ноя 2016
 Кошку!,, Тати, Animals&Pets, 9 ноя 2016
 Подписываюсь под каждым словом!," Пусть с маленькой собакой не надо гулять, но и за кошкой, и за собакой все равно нужен уход. Так что тут все зависит от того ""кошатница"" Вы или ""собачница"")", OlgOlg_5, Animals&Pets, 9 ноя 2016
 Кто в момент встречи с животным будет по душе того и берите.,, Светлана727, Animals&Pets, 8 июн 2017
 Согласна!, Кто в момент встречи с животным будет по душе того и берите., OlgOlg_5, Animals&Pets, 9 июн 2017
" Советую вам лучше брать котенка. Он пушистый, милый и будет вас веселить. А такие вот маленькие собаки они будут лишь лаять и гадить.",, Kiochk,Animals&Pets, 7 июл 2017
"Причины завести собакуСобакиулучшают жизнь человека. И не только владельцы собак безоговорочно согласятся с этим утверждением. Это научно доказано. Вот доказательства в пользу того, что собака приносит позитив и пользу в жизнь любого владельца.1) Во время игры с любимым питомцев повышается настроение хозяина. 15 минут развлечения с собакой — и все невзгоды отступают. Общение с собакой ведет к снижению стресса. Это связано с выработкой в мозгу человека допамина и серотонина, связанных с удовольствием и спокойствием.2) Для всех людей, у кого проблемы с давлением, общение с собаками просто необходимо. Разговоры и ласки со своим питомцем, приводят к стабилизации работы сердечно-сосудистой системы, что в свою очередь позволяет держать в норме кровяное давление.3) Дети, которые растут в семьях, где есть собаки, меньше подвержены аллергиям и не страдают от экземы кожи.4) Дети, у которых есть собака, меньше болеют.5) Общение с собакой, сильно повышает детскую самооценку, уверенность в собственных силах. Когда ребенок справляется с функциями ухода за собакой, он сразу же вырастает в собственных глазах.6) Люди с собаками здоровее - ведь они двигаются! Собаки заставляют хозяина заниматься фитнесом -бегать во время прогулки, играть в подвижные игры, гулять, дышать свежим воздухом.7) И чудо - люди, у которых есть собака, быстрее выздоравливают от различных болезней. Это доказанный факт — они чувствуют ответственность за живое существо, и потребность поскорее возобновить заботу о нем, что заставляет их быстрее встать с больничной койки.8) Отзывчивость этих животных поразительна, они незаменимы как друзья для людей с ограниченными возможностями.9) Такой друг, как собака, никогда тебя не предаст и всегда будет верен. От осознания этого жизнь становится светлее.1) Собаки всегда охраняют свой дом и хозяев.11) Заведя собаку, можно завести ряд полезных знакомств с владельцами других собак. Тем самым решить проблему одиночества, что очень актуально в наше время.12) Хвостатый товарищ не даст заскучать! Когда не знаешь, чем заняться, собака придет на помощь - прогулка в парке, игра с палкой, бег.13) Собака создает атмосферу, которая располагает к вежливости и отзывчивости! Поэтому, меньше стрессов!14) Ответственность, терпение, целеустремленность - вот те качества, которые собаки развивают в людях. К тебе больше потянутся люди!Если у вас еще нет собаки, есть шанс, что вы захотите ее завести. Потому что такую искренность и позитив не встретишь больше нигде, только собаки способны на это!",,Лисичка, Animals&Pets,17 мар 2018
" собака, она вас любит",, hiec322, Animals&Pets, 26 мар 2018
" Маленькие собачки очень любят писать по всей квартире и псиной воняют всё равно, а вот с кошками проблем никогда не было",, Veigel, Animals&Pets, 13 апр 2018
" Я за кота,и то что б приучить его к туалету,не портить когтями мебель тоже нужно терпение. Собаке нужна воля( декоративные породы собачек как то не воспринимаю под ""собакой"")",, hiec322, Animals&Pets, 13 апр 2018
" Можно же к друзьям сходить - посмотреть, поиграть. Кстати, кошки с собаками вполне мирно уживаются. Так что заведите обоих ",, guzel.plk, Animals&Pets, 16 апр 2018
" для квартиры лучше кошки считаю, а так нужно отталкиваться от того, сколько у вас времени свободного, собаку выгуливать надо",, le., Animals&Pets, 16 апр 2018
" Кошка У меня две кошечки, ласковые и милые))",, кАтёнок, Animals&Pets, 24 апр 2018
" если во двор на улицу, то собака (в квартире места ей, на мой вгляд, моловато), а в дом или в кв кот!) самое уютное животное на свете! и они чистоплотнее собак в разы!) хотя собак тоже очень люблю!)Изменено 25 апр 218 пользователем  ",, Гость, Animals&Pets, 25 апр 2018ttttttt(изменено)ttttttttttt
" Я очень люблю собак, но выгуливать не охота. Так, что лучше кошку.",, Swk, Animals&Pets, 24 янв 2019
" И кошка, и собака приносят своему заводчику море удовольствия. Так что берите, к кому больше душа лежит. Но у собаки есть нюанс - ее нужно выгуливать.",, Ko, Animals&Pets, 12 мар 2019
" Кошечки очень милые,с ними можно поговорить.)) у меня две кошечки.)",, Жасмин, Animals&Pets, 18 мар 2019
" у меня несколько Чихуахуа, зимой гуляю с двумя, остальные дома на пеленку))) И никаких проблем и запаха))))"," Хочу завести себе питомца, но не могу определиться кто лучше - собака или кошка. Собачку я имею в виду маленькую, что-то типа шпица или чихуа-хуа, чтобы с ней не нужно было гулять. Кошку может быть британку. Что бы вы посоветовали?", Лисичка, Animals&Pets, 21 мар 2019
 Я люблю котиков. У меня их два),, LLeeuusy, Animals&Pets, 2 апр 2019
" с котами гулять не надо, а это серьезный аргумент)",, DoE, Animals&Pets, 8 апр 2019
 Заводите кошку. С ней меньше хлопот.,, Ali, Animals&Pets, 18 апр 2019
 Только кошечка!!!,, Meg1989, Animals&Pets, 20 апр 2019
" лучше кошечку, с собачкой нужно гулять (вообщем с собачкой как с ребенком) много забот"," Хочу завести себе питомца, но не могу определиться кто лучше - собака или кошка. Собачку я имею в виду маленькую, что-то типа шпица или чихуа-хуа, чтобы с ней не нужно было гулять. Кошку может быть британку. Что бы вы посоветовали?", Вероника8, Animals&Pets, 16 май 2019
" Согласна. Хоть всю жизнь и обожала собак, завела в итоге кошку. И не представляю теперь, как без нее!"," лучше кошечку, с собачкой нужно гулять (вообщем с собачкой как с ребенком) много забот", Lucy, Animals&Pets, 16 май 2019
" я котов не люблю, но у них плюс в том, что выгуливать не нужно)",, Augusi, Animals&Pets, 17 май 2019
" Мне кажется если и заводить собаку, то как раз такую, с которой можно было бы гулять))",, Jsmiie, Animals&Pets, 29 май 2019
" я за маленькую собачку, чтобы не выгуливать каждый день)",, Augusi, Animals&Pets, 1 июн 2019
 Мне больше нравятся кошки.Особенно мейкуны.,, Vikoy.fill, Animals&Pets, 13 июн 2019
 Кошка - если живете в квартире) Собака - если в загородном доме),, Наталья 37, Animals&Pets, 13 июн 2019
" Самые классные питомцы-Джек расслТолько для них нужно энергии много ,уж очень они контактные",, Борисовна, Animals&Pets, 20 июн 2019
 Так что будте готовы и заботиться о своих питомцах.," Хочу завести себе питомца, но не могу определиться кто лучше - собака или кошка. Собачку я имею в виду маленькую, что-то типа шпица или чихуа-хуа, чтобы с ней не нужно было гулять. Кошку может быть британку. Что бы вы посоветовали?", LusiM, Animals&Pets, 23 июл 2019
 Я тоже за кошку.. У меня вислоухая шотландка...,, Екатерина Дятлова, Animals&Pets, 14 окт 2019
" Я за собаку. У нас лабрадорчик, с ним весело.",, Sveoch, Animals&Pets, 7 ноя 2019
" Ну, не знаю, у самой кот, да и тот какой-то ленивый, не активный. Хотя и проблем с ним особых нет. Когда жила в собственном доме, была собака породы- боксёр + две кошки.",, Алинесса, Animals&Pets, 20 дек 2019
" Лично я кошатница, но собак тоже уважаю. Кошки более домашние животные, а собак, даже самых маленьких и приученных к пеленке все равно выгуливать нужно.Любое животное - это большая ответственность. Если готовы ее на себя взять, а не просто поиграться, берите в том того, к кому сердце лежит. Может, сразу и кошечку и собачку приютить?)",, CheyLdy, Animals&Pets, 15 янв 2020
" Девочки, а кто какие игрушки берет своим питомцам? Уменя котенок, девочкаи собака, немецкая овчарка . Все живут в доме. Может кто-тотоже имеет небольшойзоопарк дома :D? Хочу найти комбинированные игрушки чтобы оба играли и приучались друг к другу",, oksmu,Animals&Pets, 16 янв 2020
"Девочки, очень нужен совет ! Как и чем можно избавится от этих насекомых ? Спать уже не возможно! Пробовала дихлофос, мелки, гранулы какие-то посоветовали в магазине, бесполезно, не действует на них. Вызывать дезинсекторов боюсь, дома маленький ребенок и кошка с собакой, боюсь и они отравятся. Возможности то из дома их убрать на несколько дней нет, кто нас таким семейством примет...",,LoveK, Animals&Pets,25 окт 2018
" Если вызывать, так это только договариваться что бы травили безопасной отравой. Но не факт что так и сделают, к сожалению. Выход один - самому купить такое средство. ЯЗондером от клопов травила, мужу кто-то из знакомых посоветовал. Для животных безопасно и выветривается быстро. Но конечно, семейство все же придется на денек куда то определить, хоть до вечера, пока выветрится )",, Знакомая, Animals&Pets, 25 окт 2018
" Пыталась я договорится с фирмой, так они мне такую цену заломили, ужас... Так что пока пользуюсь временными мерами, мелок купила, раз в два дня отгоняю. Зондер не нашла нигде, может у нас в городе просто нет...",, LoveK, Animals&Pets, 25 ноя 2018
" Я вообще не знаю, есть ли он просто так в продаже. Муж заказывал наbugsop.u. Его там совсем немного надо, на двух комнатную квартиру хватает 1 мл. Ну если большая площадь, то, конечно, больше надо.",, Знакомая, Animals&Pets, 27 ноя 2018
" Соседей привлекайте к борьбе за независимость от усатых, их как тараканов не выведешь, пока весь дом не подключится.",, Ty G, Animals&Pets, 13 дек 2018
" Соседи, согласна, тоже подключится должны, так надежней. Но и средства для травли немаловажны. Мы с соседями вызывали дезинсекторов, вроде все потравили, а через месяц клопы опять появились. Потом уже на площадке у нас потравили Зондером. Сосед посоветовал. Должна сказать ожидала сильной вони, как и после дезинсекторов, но оказалось что просто не очень сильный запах как после покраски. Ночевали дома, к вечеру запаха не было совсем. И обрабатывать не сложно, в инструкции так подробно все написано, что никаких проблем не возникло. И вот после этого клопы пропали совсем. И расходуется экономно, на 4 квартиры нам хватило пол литра средства.",, ЛюсенькаС, Animals&Pets, 9 янв 2019
" Подобное было где-то два, два с половиной года назад.Сначала заклеили вентиляцию на кухне, подозревали, что ""гости"" лезут от соседей. Потом стали сами искать. Обнаружили их скопления под наличниками дверей, кое-где под плинтусами (напольными и потолочными), если где-то около дверей и т.п. обои отслоились, то и там. Так же пришлось почти полностью разобрать диван - снимали обивку, наполнитель и т.д. В детской муж разобрал все кроватки, эти твари в щели между досками забирались. Всё это проверяли и уничтожали без жалости, самих насекомых и их кладки, в труднодоступные места брызгали дихлофосом (отечественным) без экономии, сами чуть не сдохли.Вещи (одежду, бельё) перестирали, по возможности кипятили, потом паковали по герметичным мешкам и вывозил на мороз (хотя, судя по гуглю, им это почти пофиг). Затем, пока диван и кроватки были разобраны, наличники, плинтуса оторваны, вызвали службу, вроде как СЭС. Пришла девушка, всё-всё-всё обработала. Двери-форточки закрыли и два-три дня кочевали по родственникам.На этапе подготовки много прочитала по этой теме - кошмар, их столько видов!.. и все прячутся в каких-то своих местах: у кого-то они жили под обоями, у кого-то в диване, у кого-то в люстре (!)... Ужас!",, Жасмин, Animals&Pets, 18 мар 2019
 Изменено 8 апр 219 пользователем DoE," Соседи, согласна, тоже подключится должны, так надежней. Но и средства для травли немаловажны. Мы с соседями вызывали дезинсекторов, вроде все потравили, а через месяц клопы опять появились. Потом уже на площадке у нас потравили Зондером от hps://my-floo.com.u/. Сосед посоветовал. Должна сказать ожидала сильной вони, как и после дезинсекторов, но оказалось что просто не очень сильный запах как после покраски. Ночевали дома, к вечеру запаха не было совсем. И обрабатывать не сложно, в инструкции так подробно все написано, что никаких проблем не возникло. И вот после этого клопы пропали совсем. И расходуется экономно, на 4 квартиры нам хватило пол литра средства.", DoE, Animals&Pets, 8 апр 2019ttttttt(изменено)ttttttttttt
" Смешно, что вопрос про клопов в теме о домашних животных. Слышала такой рецепт: масло мяты, лаванды, гвоздики, чайного дерева, тимьяна и эвкалипта соединить в равных пропорциях, по 3-4 капли. Добавить 5 мл оливкового или подсолнечного масла, смешать ингредиенты и натирать тело на ночь. Такой аромат распугает клопов, а для лучшего эффекта смочите небольшие кусочки ткани в жидкости и развесьте по всей квартире. Но это только отпугнет паразитов, убить не сможет, тут дезинфекция нужна.",, Tiss,Animals&Pets, 12 дек 2019
"Здравствуйте! Хочу поговорить о наших домашних любимцах. У меня живет кот породы ""черная бомбейская кошка"". Я его просто обожаю! Он такой умный, преданный и веселый, что его просто невозможно не любить:) А какие у вас есть домашние любимцы? За что вы их любите?",,T, Animals&Pets,23 июл 2015
" Как можно кого-то любить за что-то?)) Мне это кажется не правильным, извините. Я люблю своих близких, друзей, родных, домашних питомцев, не за что-то, а просто за то что они есть. У меня живут чудесные кошка и собака, они для меня самые лучшие ",, Di, Animals&Pets, 24 июл 2015
 Моя любимая девочка Джек Рассел Терьер по кличке Мини вечный щенок!,, oke, Animals&Pets, 14 авг 2015
" А это мой рыжик, это Белка. Мы нашли её на улице, в другом городе, ей было 2-3 недельки. И очень правильно говорят, как корабль назовёшь так он и полывёт. Белка полностью оправдывает своё имя.",, T, Animals&Pets, 22 авг 2015
 я бы хотела взять себе хорька),, Снежинка, Animals&Pets, 25 авг 2015
 Джек Рассел Терьер - это моя мечтаКогда-то она осуществится...,, T, Animals&Pets, 31 авг 2015
" у меня Дегу, его зовут Валентин  давно мечтала о таком друге и недавно наконец приобрела!!",, J, Animals&Pets, 7 сен 2015
" А у нас уже не первый раз живут крысы. Кто-то считает их противными, но для нас они очень милые и умные создания",, Melis, Animals&Pets, 10 сен 2015
" У нес тожекошка, порода шиншила, зовут Липа.",, vdowecko, Animals&Pets, 2 окт 2015
" Кошка беспородная, зовут Капа, живет у нас уже несколько лет. Мы подобрали ее на улице.Изменено 9 окт 215 пользователем Rmik",, Rmik, Animals&Pets, 9 окт 2015ttttttt(изменено)ttttttttttt
" Наша бука! Привереда во всех смыслах,Кушает только влажный корм Хиллс для стерилизованных с форелькой, курочкой, оочень редко поест сухой корм. Очень любит лакомства для кошек, и обожает высоту, при любой удобной возможности лезет на крышу.",, Deez, Animals&Pets, 10 окт 2015
" точно не кот. подруга отдала на неделю, пока они в поездке. так эта тварь пушистая спряталась и не отзывается. все обискала. ничего. голову сломала куда она могла пропасть",, цветок, Animals&Pets, 23 окт 2015
" У меня кошка породы сфинкс, очень ее любим и она нас, но больше - еду",, Курникова, Animals&Pets, 12 ноя 2015
" у всемзамечательные пушистики? А я вот люблю и котов и собак и вообще всех представителей флоры и фауны)) у меня живут котик Синхрон и хаски Октав и они лучшие друзья) спят вместе, гуляют вместе, кушают тоже вместе. Кот промышляет захват вкусностей на верхних полках кухни и сбрасывает их на делёжку вниз к песе) а песа за это оставляет ему вкусности из своей миски. Один из коронных номеров Синхрона - это нырок в бульон за мясом?",, LubovPogyh, Animals&Pets, 29 ноя 2015
" классный рыжуль)))У нас кошка и пес. Уживаются плохо, кошка ревнует))",, Мария Евсеева, Animals&Pets, 10 дек 2015
" Всегда хотела собаку, но какое-то невезение: в детстве у брата была аллергия, не могли держать дома животных, вышла замуж, а муж тоже - аллергик) Но с птицами уживается, так что у нас парочка неразлучников живет.",, Ali Sopov, Animals&Pets, 24 дек 2015
" У меня два плюс рыбы. Кстати нк знала, что память аквариумной рыбы 1 секунд!!!! У меня петушок и гупики всякие, и будьдог английский и кошка дворовая",, Валерия, Animals&Pets, 5 янв 2016
 нет никого моей любимой кошки),, Assiy, Animals&Pets, 29 янв 2016
" У нас хомяк Снежок, и мы его очень любим)",, Hoeymoo, Animals&Pets, 11 фев 2016
 У нас британский кот. Единственный и любимый,, Deeb, Animals&Pets, 27 фев 2016
" У нас кот, обычный беспородный кот) Подобрали 2 года назад на улице. Полностью весь черный, только небольшое пятнушко белое на груди)", Моя любимая девочка Джек Рассел Терьер по кличке Мини вечный щенок!, Niss, Animals&Pets, 27 фев 2016
" У меня дома живет крыс по имени Буцефал, очень милый и ручной. По вечерам выпускаю его бегать по квартире",, z, Animals&Pets, 4 мар 2016
" недавно гуляла по ТЦ... увидела джунгарика в бетховене в ветрине такой халосый!... давно хотела какую то животинку, но кошек не очень люблютак что это Петя! (долго я его с печенькой сфотать пыталась!)",, Ale, Animals&Pets, 17 мар 2016
 у нас котяра - мейн-кун,, Smilsy, Animals&Pets, 2 апр 2016
" У меня нет любимого домашнего животного, вероятно по этой причине у меня и нет питомца который бы у меня проживал у меня в доме. Для меня это дополнительные проблемы.",, Фиона, Animals&Pets, 5 апр 2016
 Люблю кошек. Сейчас у меня шотландский прямоухий котенок подрастает.,, Лена Исаева, Animals&Pets, 6 апр 2016
" у меня рыбки, сомики и гурами)",, Oksi, Animals&Pets, 19 апр 2016
" У нас живет лабрадор по кличке Той уже 4 год) Отличная собака, всегда веселый, активный, дружелюбный. А в прошлом году появился еще и котик, прибился малюсенький, не смогла пройти мимо. Пока котенок был мелкий и жил в коробке, все было отлично. Но вот когда он немного подрос.....начались проблемы. Той как сцепи сорвался, стал хулиганить дома: то цветок вывернет, то тапок погрызет. Стала наказывать, он стал проявлять агрессию, что вообще не свойственно для него. Пришлось улаживать проблему общения кота с собакой с помощью специалиста) Обратились за помощью в коррекции поведения, ведь было явно видно, что пес ревнует к коту и потому мстит мне. После занятий с кинологом-зоопсихологом Той стал намного лучше себя вести. Мы занимались как в питомнике, так и дома. В конце концов теперь Той и Тимоша неразлучные друзья)",, Лана, Animals&Pets, 6 май 2016
" У меня рыбки, на остальных аллергия...",, ГлебК, Animals&Pets, 14 май 2016
 Это уже третье поколение - внук незабвенной Амурки.,, Floe, Animals&Pets, 16 май 2016
 Мой любимый такс Chese,, Lizz, Animals&Pets, 17 май 2016
 У меня декоративный кролик)) Лапуська моя)),, Evgei_Wie, Animals&Pets, 2 июн 2016
" у меня дома зверинец - кот, собака, хомяк. На работе - рыбки и черепаха.Вообщем - люблю я всех животных до безумства.))",, Zidogj, Animals&Pets, 24 июн 2016
" У меня собака и свинка. Собака славная, дурная и в тоже время грациозная. А свинка, нууу.. мама отдала)",, missis.om, Animals&Pets, 26 июл 2016
 Мой Марсик. Очень люблю его ,, Soi28,Animals&Pets, 26 июл 2016
"Ахатины) Не шумят, не пахнут, есть не просят)",,Solishko, Animals&Pets,26 июл 2016
" У меня дома кошка обычная, дворовая, и рыбки аквариумные. Хотим в ближайшем будущем купить аквариум Биодизайн литров на 2-25 и завести пираний",, Jue, Animals&Pets, 17 окт 2016
 У меня 5 любимых питомцев - 3 котаи две огромных кавказских овчарки во дворе),, ТанцыНаСтеклах, Animals&Pets, 26 окт 2016
 ," у меня дома зверинец - кот, собака, хомяк. На работе - рыбки и черепаха.Вообщем - люблю я всех животных до безумства.))", LolkBlbolk, Animals&Pets, 27 окт 2016
" У меня 2 кота) Но была б моя воля, я всех бездомных кошек к себе тащила бы)",, Eo, Animals&Pets, 29 окт 2016
 У меня - хомочка Пуша палевого цвета и темно-синяя рыбка-петушок Тимоша.,, OlgOlg_5, Animals&Pets, 1 ноя 2016
 коте и улитка большая..,, Гримерша, Animals&Pets, 24 ноя 2016
 у нас собака чихуашка и кота сиамского взяли,, pkymsky, Animals&Pets, 24 ноя 2016
" Улитка? Это из тех, что в аквариумах живут? А чем она питается?", коте и улитка большая.., OlgOlg_5, Animals&Pets, 25 ноя 2016
" Люблю собак, кошек не перевариваю",, mi1986, Animals&Pets, 27 ноя 2016
" У нас и коты, и кошки. И каждый по-своему любим",, Жукентия, Animals&Pets, 29 ноя 2016
" ну хомяка моя кошечка играючись сьела. Открыла клетку и все..умная, зараза такая)))))))))))а так- чау и кошки.. люблю этих карапузов.",, Xylivo, Animals&Pets, 30 ноя 2016
" Мне в последнее время стали симпотичны улитки, милые, тихие существа, даже запаха особого не имеют.",, Deez, Animals&Pets, 30 ноя 2016
 А я обожаю птиц. У меня живет канарейка и два какарика. Очень жду малышей,, Zuli, Animals&Pets, 3 фев 2017
" у меня кот) собак еще люблю, но сейчас жилищные условия не позволяют ее содержать",, FsicGil, Animals&Pets, 23 фев 2017
" Забавными оказались и хорьки) только очень вонючие,но добрые и милые",, Deez, Animals&Pets, 22 мар 2017
" Кошки действительно требую хорошего ухода. От того, как мы заботимся, будет зависеть их здоровье. Нужно регулярно делать прививки, давать препараты, но самый главный уход – средства от паразитов. Я для своей Мурки беру только в проверенном месте препараты от паразитов.Качество препаратов высокое. Чего не сделаешь для любимца.",, ii199, Animals&Pets, 28 мар 2017
" А, у меня 2 кота Муха и Саня.)) Оба нахала, оба подобраны на улице, а Саня еще и обладатель всего 3-х с половиной лапок и почти без хвостика. Нашли на улице в крови, то ли машина переехала, то ли что, не знаю.Починили мы его в клинике , сейчас такой кабанчик бегает.",, loeei, Animals&Pets, 14 апр 2017
 класссс) какой кроль на поводке) а клещей не боитесь? обрабатываете его?,, Augusi, Animals&Pets, 15 апр 2017
 Кошка)),, Aes, Animals&Pets, 10 май 2017
" Собачку свою очень люблю, за что даже не знаю, просто так)",, Оксана Ларюкова, Animals&Pets, 12 май 2017
 класс! какой здоровский кроль! а вы часто его выгуливаете?? прививки тоже делаете?,, Boi, Animals&Pets, 12 май 2017
" А у меня есть замечательныйрыжийкот Оскар. Онбеспородный, нозато такой веселый иумный.Подобрала его 2 года тому на улице еще маленького.",, Kiochk, Animals&Pets, 7 июл 2017
 морская свинка. Зовут Фроська,, Женя2591, Animals&Pets, 28 июл 2017
" Вислоухий кот Барсений или просто Барсик. В детстве о мартышке мечтала, а соседка о страусе, чтобы на нем в школу ездить. А вообще очень уважаю тех, кто бездомных животных к себе берет.",, Sov, Animals&Pets, 12 сен 2017
" А у нас гуппи, разноцветные, целая стайка..... Господи, пока мы их не завели, я и не знала, что у аквариумных рыбок может быть сколиоз, но и такое бывает) пришлось разбираться во всех особенностях их жизни.",, Ke_ochek, Animals&Pets, 4 окт 2017
 Мопсик (2 года) и крыска-дамбо,, Zolly, Animals&Pets, 4 окт 2017
" У нас кошечка Бадди и кот Симба. Кошечка серая, котик черный.",, Светлана77, Animals&Pets, 6 окт 2017
" Да, дамбо - необыкновенные очаровашки и умнички! Сама о такой крыске подумываю. И вообще к грызунам дышу неровно)))", Мопсик (2 года) и крыска-дамбо, OlgOlg_5, Animals&Pets, 9 окт 2017
 ," у всемзамечательные пушистики? А я вот люблю и котов и собак и вообще всех представителей флоры и фауны)) у меня живут котик Синхрон и хаски Октав и они лучшие друзья) спят вместе, гуляют вместе, кушают тоже вместе. Кот промышляет захват вкусностей на верхних полках кухни и сбрасывает их на делёжку вниз к песе) а песа за это оставляет ему вкусности из своей миски. Один из коронных номеров Синхрона - это нырок в бульон за мясом?", Татьяна Лавр, Animals&Pets, 21 окт 2017
 Превосходная парочка!!! И как сработались-то))))," у всемзамечательные пушистики? А я вот люблю и котов и собак и вообще всех представителей флоры и фауны)) у меня живут котик Синхрон и хаски Октав и они лучшие друзья) спят вместе, гуляют вместе, кушают тоже вместе. Кот промышляет захват вкусностей на верхних полках кухни и сбрасывает их на делёжку вниз к песе) а песа за это оставляет ему вкусности из своей миски. Один из коронных номеров Синхрона - это нырок в бульон за мясом?", OlgOlg_5, Animals&Pets, 23 окт 2017
 Три кота и пес сторож.,, Михайловна, Animals&Pets, 22 ноя 2017
 Я очень люблю собак )))),, Ri, Animals&Pets, 22 ноя 2017
" У меня кот-британец. Просто обожаю эту породу. Ходим гулять с ним на улицу на поводке на улицу, но даже там он спокоен и флегматичен",, FilomeMkov, Animals&Pets, 18 дек 2017
 У нас живёт кошка-дворняжка ) Рыженькая ) Подобрали на улице лет 5 назад. Кто-то над ней издевался очень сильно... Выходили... Очень умная и хитрая. Не представляю свою жизнь без неё!,, Agel_S,Animals&Pets, 28 дек 2017
"У меня всю жизнь коты и кошки ))) обожаю этих животных. У меня с ними полное взаимопонимание.Сейчас у меня дома кот и кошка ))) кота мне подарили, ему 7, а кошку я подобрала еще малюткой - ей 4 будет )))",,Елена SowC, Animals&Pets,8 фев 2018
" У нас семье всегда жили и живут кошки. Мы очень любим этих грациозных созданий. У нас их трое - два кота (Макс и Патрик) и кошка Кассандра (Кася). Все были брошены своими хозяевами. Макса нашли в лесу (сейчас ему 15 лет, когда подобрали было около года) Патрика (6 лет) и Касю (13 лет) подкинули в подъезд. Недавно я задумалась, а за что же, люди так любят кошек? И вот что получилось.Кошка – это символ домашнего благополучия, спокойствия и надежности. Эти создания, мирно мурчащее на диване или кресле, дарят ощущение тепла и стабильного жизненного уклада. Но, несмотря на это, кошки независимы и упрямы. Кошка предпочитает гулять сама по себе, и при этом, способна по-настоящему привязаться к человеку. По сути, кошка - это маленький тигр, которого можно взять на руки и приласкать.И как сказал знаменитый писатель М. Твен, коты отличаются от других домашних питомцев тем, что их невозможно заставить подчиняться никакими способами. Эти животные никогда не станут рабами. И ни при каких обстоятельствах кошки не будут делать то, чего сами не пожелают. Вот эту независимость я и ценю больше всего в этих животных.",, Лисичка, Animals&Pets, 8 фев 2018
" Я люблю птиц больше всего, как ни странно - ни кошечек, ни собачек, а птичек))",, MyA, Animals&Pets, 28 апр 2018
 А почему это должно быть странным? Птички - очаровательнейшие существа! Поддерживаю вас!,, OlgOlg_5, Animals&Pets, 3 май 2018
" У меня канарейки, яйца несут постоянно, теперь у меня их много. Пора делиться =)",, ЕремаЛ, Animals&Pets, 27 май 2018
" У меня 2 кисюли,Буся и Тася. Британочка и перс. Не могут подружится никак,может что то посоветуете?",, MsyMy, Animals&Pets, 28 май 2018
 у меня спаниель,, Duy, Animals&Pets, 5 сен 2018
" У меня живёт сткоттиш страйт Мия. В не целых полгода весит больше 3 кг. Ест больше нас с мужем) Корммы не признаём вообще никакой: едим пельмени, картошку, мясо любое (готовое и сырым не брезгуем), очень любит огурцы, тыквенные семечки, рыбу копчёную. Когда она вредничает я её называю Фима Мурзилючис) Игривая. Но играет только тогда, когда хочет) Мне с ней сложно, а муж говорит, что какая хозяйка, такая и кошка))) С ним она всегда спит, с ним всегда больше играет, ему даётся когти постричь, с ним ходит в ванную - он её моет всегда только) Вычёсываю я - у нас вечерние девичьи процедуры))) обе тащимся)))Когда приходим домой - всегда летит навстречу и трётся в ногах, пока не потискаешь её. Если на ночь забыли оставить дверь в спальню открытой - утром пройти не даст, пока не пожмякаешь, не поиграешь) Очень любит наблюдать за стиральной машинкой.Вот так она спит всегда,правда сейчас она в три раза больше) Это фоткала летом ночью) Думала муж решил научиться храпеть, ошалела от такой наглости. Просыпаюсь, смотрю, а это кошка храпит!!!",, Шерли. Шотладния, Animals&Pets, 14 сен 2018
" Кошки всегда поднимут настроение,можно с ними поговорить) Моя любимая кошка подруга всегда меня поймёт.",, Жасмин, Animals&Pets, 18 мар 2019
" Кошка или собака? Вкусы и предпочтения у всех разные,а вот от шерсти избавиться проблематично.",, Ирина Макарова, Animals&Pets, 4 апр 2019
" Кот у вас, конечно, красавец! Но наш любимчик - золотистый ретривер Гарри. В прошлом месяце одна сумасшедшая пыталась отравить его - накормила чем-то, пока он перед домом бегал. Хорошо у меня Энтерозоо был, дала сразу 2 ложки и к ветеринару. Всё обошлось, это фото через 3 дня сделано. Вон какой довольный.",, Кристина77,Animals&Pets, 5 апр 2019
"Дайте совет:С кем оставить моего любимого котю пока я буду в командировке? Есть несколько вариантов в таких случаях и вот хочу выбрать из них. Первый, это оставить знакомым и друзьям, только вот близких друзей тут за год у меня не появилось. Знакомых тоже напрягать не хочется (много людей возьмет чужого животного в дом?) тем более у всех дети и свои питомцы и каждый со своим характером. Второй вариант это оставить кота людям, которые держать их у себя дома за деньги, но это уже совсем не по мне, не известно чего ждать от чужаков!!! И третий вариант это гостиницы для животных, в которых точно будут кормить, ухаживать за котом и он будет находиться под присмотром ветеринарного специалиста. Нашла в интернете несколько вариантов в Москве, почитала отзывы, остановилась на сети гостиниц bookigc. Ближайшаяко мне гостиница оказалась на Угрешской. И вот хочу спросить совета оставлял ли кто своих котов в гостиницах этой сети и узнать подробней о данном виде передержки, так сказать от первых лиц.",,Алиса16, Animals&Pets,5 фев 2019
 Выбирайте вариант у людей за деньги. В клинике он будет сидеть все время в клетке. Ограниченность пространства ему не сильно понравится.,, Ko,Animals&Pets, 12 мар 2019
"Сыну исполняется 5 лет и он очень попросил купить ему собаку. Мы долго думали и решились на этот шаг, но не знаем на какой породе остановится? Какая собака обладает дружелюбным, добрым, мягким, игривым и умным характером? Рассматриваем как большие так и маленькие породы.",,Ley, Animals&Pets,3 фев 2016
" Из больИз больших пород самой дружелюбной, доброй собакой для ребёнка считается лабрадор, хотя я бы и овчарку рассматривала за ум и преданность, а ещё хаски очень нравятся. Из маленьких народ очень игривые и дружелюбные обычные терьеры.",, Ve, Animals&Pets, 3 фев 2016
 Лабрадор,, Kleo, Animals&Pets, 3 фев 2016
" Лабрааадоооор-ка! )) Наверное самая добрая собачка, которая очень дружелюбна и отлично подходит семьям даже с маленькими детками. Суперская собачка",, Малинка, Animals&Pets, 4 фев 2016
 Лабрадор самый лучший пес для ребенка!,, Evgei_Wie, Animals&Pets, 2 июн 2016
" Лучше брать большую умную собаку. Лабрадор, сембернар, овчарка, чау-чау - эти собаки прекрасно уживаются с детьми, и никаких проблем не возникнет.А вот всякие мелкие породы я точно не рекомендую в дом, где есть дети. Эти собачки очень своенравные и не станут молча терпеть детей.",, PoliN, Animals&Pets, 7 июн 2016
" Любая собака, которая у вас воспитанна в ласке - будет дружелюбной. ЛЮБАЯ. далее - смотрите по вашему ребенку - овчарку, лабрадоров чау не стоит з-аводить, по той причине что они большие для такого ребенка. Они все - чудики и верные - но они большие для него.",, Zidogj, Animals&Pets, 24 июн 2016
" Все хвалят лабрадоров, а я без ума от ньюфов! Они нереально умные и хорошо ладят с детками!",, Solishko, Animals&Pets, 26 июл 2016
 У нас была такса. Она любит только мою дочку. Сейчас сестра забрала собаку к себе. Скучаем. Но новую заводить не хотим.,, Tli, Animals&Pets, 27 июл 2016
" Мне нравятся такие собаки. А когда дочка маленькая была, то у нас в частном доме азиат был. Так вот это защитник!!!!!",, Tli, Animals&Pets, 29 июл 2016
 если ребенку - то думаю что маленькие совсем породы лучше не рассматривать. У нас сыну 4 года и в доме живет чихуа хуа - так вот каждую игру собака переносит очень тяжело. а вот с Хаски игратся можно сколько угодно. только вот за хаски очень большой уход нужен,, Настя26, Animals&Pets, 8 ноя 2016
 У нас кавказская овчарка огромная- с ребенком ладит очень хорошо. Хоть и большая))))," Любая собака, которая у вас воспитанна в ласке - будет дружелюбной. ЛЮБАЯ. далее - смотрите по вашему ребенку - овчарку, лабрадоров чау не стоит з-аводить, по той причине что они большие для такого ребенка. Они все - чудики и верные - но они большие для него.", Жукентия, Animals&Pets, 29 ноя 2016
" я вам как собачник скажу - для ребенка брать собаку - глупо.. за ней нужен уход, воспитание, лечение, прогулки и выгулки..Кто это будет делать, малыш?? Нет. Это будете делать вы. И когда вам надоест - вы скажите заводчику, заберите или я ее отдам/выброшу/подарю и т.д.Знаете сколько подобных историй уже наслышана? Собу покупайте для себя - прежде всего.",, Xylivo, Animals&Pets, 30 ноя 2016
 , У нас кавказская овчарка огромная- с ребенком ладит очень хорошо. Хоть и большая)))), LolkBlbolk, Animals&Pets, 28 дек 2016
" Такса маленькая, добрая, громкая ",, lizks, Animals&Pets, 28 дек 2016
" Да, собаки все понимают) И помогают, кстати."," Это отлично!! Ведь всякое может случится...Когда заводили первую свою собаку я была беременна на 3 месяце.. Решили завести до рождения что бы быстрей привык...Как родила так она от него ни на шаг не отходила..)) Лежал в колыбели а она рядышком..Но я согласна, что собаку нужно заводить прежде всего для себя... Ведь кроме тебя за ней никто приглядывать не будет... ", Жукентия, Animals&Pets, 23 фев 2017
" Вы же понимаете, что всю ответственность за воспитание и содержание собаки будет нести вы, взрослые? Купите маленького йорка, они хотя бы аллергию у детей не вызывают и это уже большой плюс!",, Tosy, Animals&Pets, 1 июл 2018
" Все собаки хороши) но я бы наверно брала какого то не большого, пекинеса например)",, Iiffk, Animals&Pets, 16 окт 2018
" Собаку надо брать из своих предпочтений, т.к. именно взрослый будет за ней ухаживать и заниматься. Очень хорошо, если ребенок тоже будет это делать, но маловероятно. Педигри как-то сняли ролик с экспериментом, в котором школьников, просивших купить собаку, целый месяц водили на занятия на площадку. Им там надо было не только гулять с собакой, но и заниматься, и убирать за ними какашки. Если не ошибаюсь, примерно половина детей после этого эксперимента решили, что собака им не так уж и нужна. А насчет породы и размера надо смотреть по ребенку. У меня и большая собака, и маленькая. Причем, маленькая была взята, когда ребенку было два года. Ничего, все живы и здоровы. И лучше вживую знакомиться с представителями породы. Многие советуют лабрадора, а эта собака требует активных и продолжительных прогулок, иначе может начать крушить квартиру и толстеть. Они очень умные, но с ними надо заниматься. Так же, как и с овчарками. Собака не бывает от природы умной только потому, что она определенной породы. Овчарки не рождаются с умением выполнять команды и, если собакой не заниматься, можно получить большую лохматую проблему. Хаски выглядят мило, но это ездовая собака, ей надо гораздо больше нагрузки, чем многим другим. Прогулки по 3-4 часа в день многие могут себе позволить? А если не будет достаточной нагрузки, эта собака будет убегать или крушить квартиру. Не зря эти собаки теряются чаще других (смотрю статистику по своему городу). Любая собака, вне зависимости от ее размера и породной принадлежности, требует занятий. А это и время, и деньги.",, Сплюшка, Animals&Pets, 7 янв 2019
" Сейчас все более популярны становятся Джек -рассел-терьеры) Они дружелюбные, заводные, небольшие...Хотя тоже активные, гулять много надо. По-моему, подходят больше других, не крупные, но и не такие декоративные как маленькие",, Youde, Animals&Pets, 9 янв 2019
" Брать ""для ребенка"" - уже сам вопрос поставлен неправильно. Собака должна быть членом семьи, а не игрушкой.",, kusssik, Animals&Pets, 14 фев 2019
" Маленькие породы часто хрупкие, так что хорошо подумайте по поводу аккуратности малыша. Ведь если он не сможет быть аккуратным, что вполне нормально в его возрасте, ответственность будет на вас.",, Ko,Animals&Pets, 12 мар 2019
"Максик с видом вороватымКосточку из чашки прёт.Чашка Люськина--чревато.Это он осознаёт.Потом Люська втихомолкуПирожок из чашки прёт.Чашка Максика и толкуБольше в ней--осознаёт.Знает,что её--пустая :Там уж Максик побывал.Басенки мораль простая :То вкуснее,что украл.6.3.16г.Максик--сынок семьи,урождённый микроовчарЛюська--разноцветная кошкаФото--работа моей племяшки Софьи",,dmm51,Animals&Pets,10 мар 2019
Собираемся завести котенка для детишек и по этому поводу с мужем завязался спор стоит ли животное держать в доме или позволить гулять на улице? Просто второй малыш совсем ещё ползающая кроха 6 месяцев.,,Мася, Animals&Pets,6 фев 2016
" Я считаю, что раз уж решили завести кошку и есть возможность её выращивать, то зачем перечить природным инстинктам. Пусть гуляет. Но вот если у вас планируется породистая кошка, тогда лучше посоветоваться с ветеринаром, стоит ли рисковать здоровьем животного.",, Симпатяшка, Animals&Pets, 6 фев 2016
 Мы пускаем,, Красотка, Animals&Pets, 8 фев 2016
" Я считаю это категорически не допустимым, как представлю что к моему мальчику ( 8 мес) подойдет вот такой вот кот, после какой-то мусорки (он же не на лавочке сидит) а он его в рот потащит как это любят делать детки, волосы дыбом - я очень брезгливая. Моя подруга в частном доме живет - они пускают питомца, так я их на моющие пробиотики подсадила, хоть так обезопасила как смогла.",, Калита, Animals&Pets, 21 фев 2016
" Думаю, если вы живете в городе, то явно не стоит. Во-первых, принесет какую-ниб заразу с улицы, а во-вторых, это опасо для животного.",, Ndyhope, Animals&Pets, 2 май 2016
" Пусть гуляет, только котов от нее отгонять не забывай!",, ГлебК, Animals&Pets, 14 май 2016
" Ну вообще, если ребенок еще совсем маленький, то может быть стоит какое-то время подождать или пока возьмете котенка, не выпускать его на улицу. Когда повзрослеет кошка, тогда и малыш тоже подрастет, чтобы что-то понимать.",, Лаванда, Animals&Pets, 14 май 2016
" Наверное надо будет после каждой гулянки кошку как-то обрабатывать, чтобы на ней заразы не было. От котов ее точно не уберечь. Не будете же вы ее на поводке выгуливать и глаз не спускать.",, Lisssss, Animals&Pets, 14 май 2016
" Говорят, что кошке надо хотя бы один раз погулять и тогда можно стерилизовать. Если честно мне бы не хотелось что бы моя коша плодилась и размножалась и я каждый раз думала когда девать котиков.",, Мандаринка, Animals&Pets, 14 май 2016
" Думаю, что лучше сразу стерилизовать для того что бы она даже не знала что это такое. Может быть конечно не гуманно, но тем не менее необходимо принимать кардинальные решения если не хотите потом пристраивать котят.",, Киана, Animals&Pets, 19 май 2016
" Мои лучшие друзья долго думали над тем, какую кошечку завести у себя в частном доме. Нашлисайт, где куча объявлений о продаже животных. И вот теперь они счастливые обладатели кошечки породы шиншилла. Так теперь они думают, когда она начнет проситься гулять? И вообще нужно ли ее стерилизовать?",, Tli, Animals&Pets, 19 май 2016
" Лучше пусть живет в доме. на улице полно заразы, а у вас дети маленькие.",, Пыщ-пыщ, Animals&Pets, 21 май 2016
 ," Говорят, что кошке надо хотя бы один раз погулять и тогда можно стерилизовать. Если честно мне бы не хотелось что бы моя коша плодилась и размножалась и я каждый раз думала когда девать котиков.", LolkBlbolk, Animals&Pets, 23 июл 2016
" нельзя гулять, если уж очень сильно хочется то только шлейка и вдали от людей.",, Deez, Animals&Pets, 31 июл 2016
 Я бы не советовала,, Теона, Animals&Pets, 21 сен 2016
" у нас комнатная кошка. На улицу не пускаем, да и она особо не рвется туда",, Jue, Animals&Pets, 17 окт 2016
 Кошки - не собаки - им гулять не обязательно.,, ТанцыНаСтеклах, Animals&Pets, 26 окт 2016
 А мы вот гуляем на поводочке с британцем. Хотя выходим не очень часто,, FilomeMkov, Animals&Pets, 18 дек 2017
" Наша кошка боится улицы. Наверное, у неё это после того, как её туда выбросили нехорошие люди. Даже за входную дверь не выходит. Пару раз на поводке выводили, так она к земле прижимается и ни с места.",, Agel_S, Animals&Pets, 28 дек 2017
 а зачем вы выводите? это большой стресс для кошки.,, Deez, Animals&Pets, 3 янв 2018
" Так уже и не выводим... Дома сидит. Из квартиры ни лапой))) Даже на дачу с собой не берём. Для неё любая смена обстановки - стресс. Когда переезжали в новую квартиру, она месяц в себя прийти не могла!", а зачем вы выводите? это большой стресс для кошки., Agel_S, Animals&Pets, 3 янв 2018
" наша тоже так. скоттиш страйт. за порог - ни шагу. 3 метра до машины несу на руках - у кошки истерика. она боится улицы. На даче выпустила, а она села на траве и ни с места. забрали в дом - обнюхала всё."," Наша кошка боится улицы. Наверное, у неё это после того, как её туда выбросили нехорошие люди. Даже за входную дверь не выходит. Пару раз на поводке выводили, так она к земле прижимается и ни с места.", Шерли. Шотладния, Animals&Pets, 19 сен 2018
" Пускай гуляет, нечего от этого не будет.",, Iiffk, Animals&Pets, 16 окт 2018
" Зависит от места проживания. Если это тихий частный сектор, то почему бы и нет. Моя кошка уже больше 1 лет так живет, кот больше 6. Но если рядом есть дорога с оживленным движением или бродячие собаки, то лучше не рисковать жизнью кошки.",, Сплюшка, Animals&Pets, 7 янв 2019
" Пожалейте кошку! На улице не только зараза, людей-уродов тоже хватает, к сожалению...",, kusssik,Animals&Pets, 14 фев 2019
"Кто любит попугаев? Я просто обожаю этих говорливых птичек. Правда, заводим всегда только волнистых, так как от больших птиц слишком много шума и они не дают поспать по утрам. А как вы относитесь к пернатым?",,Маленькая, Animals&Pets,25 июл 2015
" Когда-то, у моей старшойсестрыбыл большойбелыйговорящий попугай. Вот только не помню, какой он был породы:( Я простообожала ходить к ней в гости ""поболтать"" с попугаем! Но сама я, пока что, завести попугая не решаюсь.Ухаживать некогда, да и шума от него многовато!",, T, Animals&Pets, 26 июл 2015
 Не люблю,, Kleo, Animals&Pets, 4 фев 2016
" ой , обажаю их! у меня пара неразлучников живет.",, ГлебК, Animals&Pets, 14 май 2016
" А я если и люблю попугайчиков, то говорящих. Просто молчунов или чирикающих держать не очень интересно. У меня долгое время жил говорящий волнистый попугайчик.",, Лаванда, Animals&Pets, 14 май 2016
" Отношусь если честно к ним равнодушно, по той причине, что я не люблю когда они кричат по утрам и мешают спать. Согласитесь, что это не очень комфортно, особенно там где есть дети.",, Мандаринка, Animals&Pets, 14 май 2016
" Чтобы попугаи не кричали по утрам, нужно просто накрывать их плотной тканью. Когда им темно, они будут молчать. Так что не вижу в этом проблемы. Вот то что они гадят везде - это проблема)."," Отношусь если честно к ним равнодушно, по той причине, что я не люблю когда они кричат по утрам и мешают спать. Согласитесь, что это не очень комфортно, особенно там где есть дети.", Ykovlev, Animals&Pets, 16 май 2016
" А вы выпускаете попугаев, чтобы они летали по всей квартире? Мне нравилось выпускать. У нас к тому же были еще вьющиеся растения в квартире и так прикольно было, когда зеленый попугай бегал по этим лианам).",, Лизонька, Animals&Pets, 16 май 2016
" Начнем с того, что я люблю абсолютно всех животных, без исключения))). Был у меня волнистый попугайчик Артурчик, прожил он у нас 1 лет и 6 мес. Очень умненький был. Любили мы его очень сильно, жаль, что так мало он побыл с нами",, Lizz, Animals&Pets, 17 май 2016
" Люблю их главное что бы не очень шумные, а то по утрам такое могут натворить что не спрячешься никуда. А так живое существо в доме, правда не поиграешь с ними.",, Mil, Animals&Pets, 19 май 2016
" Не люблю попугаев, так как считаю их бесполезными существами, только кричатт и на руки их тоже не возьмешь. Тогда какой в них смысл? Расскажите?",, Polly, Animals&Pets, 19 май 2016
 мы своего Кешу нашли - и вот он у нас уже второй год живет.,, Настя26, Animals&Pets, 8 ноя 2016
" По мне так от волнистиков очень много шума. Все детство были волнистики и говорящие и нет. Ужас просто, спать невозможно. Сейчас завела какариков, они средние, так вот тихуши, редко очень могут пообщаться.",, Zuli, Animals&Pets, 3 фев 2017
 и я тоже не очень люблю их. Хотя мои кошки - их обожают. особенно черная - бедные воробьи мой дом стороной обходят,, Xuos, Animals&Pets, 3 фев 2017
" Волнистые попугайчики, у нас одна пара, но никак не хочет размножаться. Домик построили и прикрепили на клетку, но ещё эффект не проявился.",, BMDBMW, Animals&Pets, 18 фев 2017
" от хозяев и обстановки зависит, будут ходить возле, начнет чирикать даже еслиеще сумерки, а если вы спите и он помалкивает( в основном). В крайнем случае ставьте в ванную или накрывайте."," По мне так от волнистиков очень много шума. Все детство были волнистики и говорящие и нет. Ужас просто, спать невозможно. Сейчас завела какариков, они средние, так вот тихуши, редко очень могут пообщаться.", Шубкина, Animals&Pets, 18 фев 2017
" Если одна птичка, она не такая уж и шумная) Дома живут трое, так вот они друг друга всё время подначивают))",, Youde,Animals&Pets, 9 янв 2019
"Здравствуйте. Подскажите, пожалуйста, кто-нибудь пользовался данным тренажером для приучения котейки к унитазу? Мне посоветовали, сказали хорошая вещь. Как я поняла, устанавливаешь на ободок и по мере привыкания кошки к унитазу, прорезаешь дырки все большего размера. Какие у вас впечатления?",,Гость Лиза, Animals&Pets,24 фев 2017
" Я думаю, что это не естественно для кота ) У нашего есть свой собственный туалет и врятли он его променяет на это...",, Sel, Animals&Pets, 7 мар 2017
 Я такое и не видела даже.,, k87, Animals&Pets, 3 апр 2017
" я тоже такого не видела..но думаю может сработать. есть же метод,где лоток постепенно пододвигают к унитазу",, Vi-o, Animals&Pets, 4 апр 2017
" прикольная штука, я такой даже и не видела в продаже. Обычно советуют лоток ставить сверху, потом убирать и животное само привыкает.",, Deez, Animals&Pets, 10 апр 2017
" Мои знакомые так своего кота приучали. В принципе, неплохо. Можно сэкономить на наполнителе. Наша кошка в лоток ходит. Нет возможности и желания туалет держать постоянно открытым, чтоб у неё доступ был.",, Agel_S, Animals&Pets, 28 дек 2017
" ого, ничего себе!",, Шерли. Шотладния,Animals&Pets, 22 ноя 2018
"С какого возраста ребенок сможет сам ухаживать за животными типа морских свинок? Нравятся мне эти зверьки, но думаю, пока ребенку не исполнится хотя бы 7 лет, покупать их не стоит. А вы как думаете?",,МилаЯ, Animals&Pets,7 фев 2016
" Мне кажется даже в семь лет ребенок самостоятельно не сможет следить за такими зверьками, ему нужна будет помощь со стороны взрослых, так что покупая детям животных будьте готовы нести за них ответственность.",, I-geed, Animals&Pets, 7 фев 2016
" Зачастую дети просят завести животного - пару дней с ним поиграют, и забывают . И тогда на маме все заботы и уход.",, Tiy, Animals&Pets, 18 май 2016
" По опыту собственному, всегда взрослые ухаживают за подобными животными. Дети только поначалу горят, а потом забывают. Я такая же была в детстве. А маму вечно раздражал запах, так как я редко убиралась.",, Королевна216, Animals&Pets, 19 май 2016
" Думаю, что и ранее. Лично у меня хомяк появился в 12 лет, но осознание не появилось особого что я несу за него ответственность. Как мне кажется в такой возрасте это просто игрушка.",, Иришка, Animals&Pets, 19 май 2016
" Ребенок даже в 16 не особо будет смотреть за ней. Это на родителях, так что не ленитесь, заводите, дарите счастье ребенку!))",, missis.om, Animals&Pets, 26 июл 2016
" Можно и раньше заводить зверька, но в любом случае ухаживать за ним будете прежде всего Вы, сколько бы ни было лет Вашему ребенку.",, OlgOlg_5, Animals&Pets, 1 ноя 2016
 вполне согласна.,, Iiffk,Animals&Pets, 16 окт 2018
"У меня дома маленькая кошка - 4 месяца. Она пока была совсем маленькая, не могла залезть на стол, а сейчас подросла и легко туда забирается. Как-то не очень приятно наблюдать кошку на кухонном столе. Что можно сделать? Как её отучить от этой привычки?",,Mi, Animals&Pets,20 май 2016
" Ругать конечно, но только тогда, когда она была поймана.",, Tli, Animals&Pets, 20 май 2016
" Никак.) Она при вас не будет шкодить, а как только отвернетесь - сразу же полезет на стол.",, Пыщ-пыщ, Animals&Pets, 21 май 2016
" У вас почти нет шансов. Обеденный стол - это самое интересное место. Попробуйте там ничего не оставлять, тогда ей может стать неинтересно, и она перестанет туда лазить. А ругать не всегда помогает, у кошек такая натура, что они делают на зло.",, Светуля, Animals&Pets, 27 май 2016
" на столе ничего не оставлять, и убирайте все стульчики, чтобы она не могла заскочить на стол. И ругать если такое случилось..",, Zidogj, Animals&Pets, 24 июн 2016
 ," на столе ничего не оставлять, и убирайте все стульчики, чтобы она не могла заскочить на стол. И ругать если такое случилось.", BlodDoll, Animals&Pets, 22 сен 2016
" когда подрастет, научится посещать стол так, чтоб вы не замечали)))",, Jue, Animals&Pets, 17 окт 2016
 ," У меня дома маленькая кошка - 4 месяца. Она пока была совсем маленькая, не могла залезть на стол, а сейчас подросла и легко туда забирается. Как-то не очень приятно наблюдать кошку на кухонном столе. Что можно сделать? Как её отучить от этой привычки?", LolkBlbolk, Animals&Pets, 3 ноя 2016
" не позволять ей этого, ругать когда залазит на стол..",, Augusi, Animals&Pets, 3 ноя 2016
" Поставьте на стол какую-нибудь вонючку, не будет лезть.",, Гримерша, Animals&Pets, 24 ноя 2016
 не оставляйте ничего съедобного,, pkymsky, Animals&Pets, 24 ноя 2016
" Та же проблема. Бесполезно, уже 3 года борюсь)",, Zuli, Animals&Pets, 3 фев 2017
" ох.. кричать и воспитывать. я всегда полотенцем ее пугаю..Но она уже и с пола запрыгнуть может, хоть и стульчиков нет подавно.",, Xuos, Animals&Pets, 3 фев 2017
 По жопе давать надо. У меня ни один кот не лазил..,, Nssi_N, Animals&Pets, 11 фев 2017
" Это бесполезно, сколько свою гоняла все равно она лазила.",, k87, Animals&Pets, 3 апр 2017
" У меня 2 кота, как были воры, так и будут. )) Это свойство характера.",, loeei, Animals&Pets, 14 апр 2017
" Поставьте на краю стола пустые жестяные банки из-под напитков. Когда кот прыгает на стол, банки с грохотом рушатся. Громкий звук и падающие сверху банки сделают исследование стола менее приятным",, Kiochk, Animals&Pets, 7 июл 2017
" Мы тоже скотч раскладывали, очень даже помогло.",, Sov, Animals&Pets, 12 сен 2017
" У нас всю жизнь кошки. Это животные ,которые лазят везде, где им интересно. Не оставляйте ничего на столе, что может заинтересовать вашу кошку и все. У нас это работает, да и игрушек на полу всегда много, чего им на столе делать. У нас2 кошки и полный порядок в квартире.",, Елена SowC, Animals&Pets, 30 янв 2018
" Если вы сможете ее отучить, то вам надо поставить памятник",, Настя85, Animals&Pets, 30 янв 2018
 Я отучила!)) Сыпьте на стол черный перец молотый или раскидывайте шкурки от апельсина или мандарина. Я отучала так 2-х взрослых кошек.,, MsyMy, Animals&Pets, 28 май 2018
" у меня прямоухая и сегодня утром упала последняя капля моего терпения. Такая вредина!.. Ужас.. В обед съезжу домой и сделаю так!.. Спасибо, девочки!!!!"," вы знаете, я на каком то форуме прочитала совет и мне кажется он помог!отучали вислоушку лазить на стол. хотячитала про них статью, говорят большинство из них вообще у себя сами на уме ) но все же.на кухонный стол разложили скотч липким вверх и ушли с кухни. кошка ж увидела, что никого нет и на стол прыгнула, а там скотч прилип к лапам ну и начал очень шуметь от движения )) в общем перепуганная кошка со стола пулей спрыгнула ))такое действие если повторить три-четыре раза и у кошки желание лазить на стол отпадет )", Шерли. Шотладния,Animals&Pets, 19 сен 2018
"На днях мой братишка увидел видео, где прикалывались над кошкой, незаметно поставив рядом с ней огурец. Увидав огурец, кошка во все тяжкие бросалась бежать. Братишка тоже решил исполнить такой же трюк с нашим котом,Пока кот ел, брат незаметно за ним положил на пол огурец, увидев безобидный овощ кот от страха резко подпрыгнул и в панике убежал. Интересно почему так коты боятся огурцов?",,Львица, Animals&Pets,15 дек 2016
" Видел такие видео на ютубе, решил проверить, но моему коту, что есть огурец рядом что нет никакой разницы. Вообще не реагирует...."," На днях мой братишка увидел видео, где прикалывались над кошкой, незаметно поставив рядом с ней огурец. Увидав огурец, кошка во все тяжкие бросалась бежать. Братишка тоже решил исполнить такой же трюк с нашим котом,Пока кот ел, брат незаметно за ним положил на пол огурец, увидев безобидный овощ кот от страха резко подпрыгнул и в панике убежал. Интересно почему так коты боятся огурцов?", Гость Иван, Animals&Pets, 15 дек 2016
" коты разные бывают. Одни боятся огурцов, другие нет))",, Ylli, Animals&Pets, 16 дек 2016
 моему тоже все равно))),, li.l, Animals&Pets, 17 дек 2016
 впервые слышу чтобы коты боялись огурцов)) мне кажется коты вообще ничего не боятся)),, Augusi, Animals&Pets, 17 дек 2016
" Не знаю, моя кошка, в таком случае, очень любит пугающих... Огурцы с дачи в ведре привезли, а она их сожрала все сверху) Закатали, блин)",, Шерли. Шотладния,Animals&Pets, 10 сен 2018
"Чем вы кормите своих котеек? Натуралкой или все же сухим кормом? Что лучше, порекомендуйте",,Одеялко, Animals&Pets,28 май 2018
" Ну это конечно же вам решать, чем кормить, но лично для меня заморачиваться с натуралкой не хочется. Как-то муторно... Продумывать меню на каждый день, чтобы все свежее было. Я более практичный человек, беру сухой корм Хиллс, особо думать не надо, сколько сыпать (вся дозировка прописана на обратной стороне упаковки), а самое главное, что не болеем, и сам питомец активный и игривый согласно его возрасту",, Rebbekk, Animals&Pets, 29 май 2018
" натуралка лучше, стараюсь натуралкой, но когда совсем нет времени, то кормом)",, Augusi,Animals&Pets, 8 июн 2018
"Итак, я решила завести себе собаку. Это уже не первая собака в моем доме. Но обстоятельства долго не позволяли мне завести питомца вновь. Какую породу выбрать? Решила остановиться на комнатном варианте. Я живу в квартире, место ограничено, да и гулять с большой собакой в городе сложно. Опять жесоседи. Изучила множество пород и остановилась на чихуахуа. Оказалось, что в нашем городе есть питомник, где разводят собак этой породы. Собралась и поехала, чтобы все посмотреть своими глазами. Увиденное меня приятно поразило. Это и содержание собак, и уход за ними, кормление. Обогатилась новыми знаниями об этой породе. Оказывается, чихуахуа одна из самых маленьких пород собак. Название породы происходит от названия мексиканского штата Чиуауа. Считается, что ее предками были древние собаки течичи, обитавшие на территории Центральной Америки. Разведением этой собаки предположительно занимались индейцы майя, инки и ацтеки, у которых карликовые собаки считались священными. Знакомство европейцев, вероятно, с этой породой могло произойти после открытия Америки.В СССР чихуахуа попала в конце 195-х . – Ф.Кастро подарил Хрущеву двух чихуахуа, которые были переданы основателю питомника русских той-терьеров К.Ф. Жаровой. С этого момента началась история породы чихуахуа в России.Чихуахуа – одни из самых миниатюрных пород собак. Вес взрослой собаки от 9 г до 3,5 кг . Высота в холке должна быть не более 2 см. Различают собак с длинной и короткой шерстью. Я выбрала- короткошерстную. Вернулась я из питомника с новым другом. Сейчас ему 1,5 года. Могу сказать, что, собака мне досталась с характером. Достаточно самостоятелен, независим, но обладает исключительной привязанностью ко мне. Требует к себе очень много внимания. Очень любит гулять, беру его с собой в поездки, что ему очень нравится. Могу сказать, что мой питомец настоящая собака-компаньон.Всем, кто еще раздумывает, заводить собаку или нет, хочу сказать следующее. Ведь для чего-то того наши доисторические предки одомашнили шакала? Не для того ли, чтобы мы, их потомки, потом захотели завести себе пса?",,Лисичка, Animals&Pets,24 мар 2018
 ну не такого же заводить),, hiec322,Animals&Pets, 27 апр 2018
"Котенка взяла, ему 4 месяца, пока кормлю молоком, даю мясное детское пюре. А чем кормить еще?",,Гримерша, Animals&Pets,6 апр 2016
 Что то рано вы ему прикорм начали давать. Обычно начинают с 6 месяцев. Я вам рекомендую просмотреть доктора Комаровского. Он в своих видео уроках очень подробно и доходчиво рассказывает с чего начинать прикорм. И это явно не мясо.,, Викочка, Animals&Pets, 6 апр 2016
" Хорошим сухим кормом, можно добавить консервы, нов разное время кормить. Покупать сейчас лучше в интернет магазинах. Это и дешевле и сроки годности обычно лучше как показывает практика.",, Гость Маринка, Animals&Pets, 10 май 2016
 Так ведь много сейчас кошачьего корма продается с указанием возраста для котят. Я бы просто пошла в магазин и посоветовалась бы с продавцом зоокормов!,, Королевна216, Animals&Pets, 10 май 2016
" В 4 месяца котята уже вроде большие. Ему же не несколько дней и даже не неделя. Это дети в 4 месяца еще маленькие, хотя даже им прикорм начинают давать с 3-4 месяцев.",, Мадам, Animals&Pets, 10 май 2016
" Не знала, что Комаровский еще и котятами занимается))) Я купила корм котенку, супер-премиум класса, стали им кормить. Кушает с удовольствием, такой живчик, игрунок. Как мы раньше без него жили)))Гость МаринкаВы меня убили, на норд корм, который я взяла стоит на 22 рэ дешевле. Далеко не мелочь... а если несколько упаковок брать, то это ж какая разница получается!!!",, Гримерша, Animals&Pets, 11 май 2016
" У меня тоже недавно котеночекпоявился.ну тоже думаю пока молочком с пюрешками, а потом мясом же уже можно будет?",, Гость Маринка, Animals&Pets, 11 май 2016
" Мне кажется, что надо вот эти мягкие корма покупать. Которые порционно продаются. Их сейчас очень много и я думаю, что не сложно подобрать питание. Правда, некоторым это дорогое удовольствие.",, Маша Вэй, Animals&Pets, 12 май 2016
" В четыре месяца мне кажется, что можно и колбаски вареной со стола дать. Порезать помельче и дать попробовать. Только первая порция должна быть очень маленькой. Не больше чайной ложки.",, Стервочка), Animals&Pets, 12 май 2016
" Интересно, а многие разоряются на покупной корм для котят? Раньше ведь как было. Кормили только тем, чем сами питались. И коты были здоровые и экономно.",, Королевна216, Animals&Pets, 12 май 2016
" Есть специальные корма для котят. Вам просто нужно определиться к своему ветеринару что бы он посоветовал вам какой корм подойдет именно вашей породе. Если не планируете кормить кормом, то так же лучше обсудить это с врачом.",, Мультяшка, Animals&Pets, 12 май 2016
" Да ну... специально еще к ветеринару бегать и деньги ему платить, чтобы определиться чем кормить уже довольно взрослого котенка? Не выдумывайте. 4 месяца - это не 4 дня!",, Mil, Animals&Pets, 13 май 2016
" Не были они здоровыми, понимаете, не жили долго, и да. лучше уж кормить хорошим кормом - чем в супермаркете покупать эконом класса. У меня бабуля одно время кормила своего Барсика - к ней зайти было невозможно - шерсть с него сыпалась прям - он худющий был и вид болезненный. Я своему коту покуеаю корм Биланкс, супер премиум класса, а чтобы было экономнее, беру в хорошем оптовом интернет-магазине"," Интересно, а многие разоряются на покупной корм для котят? Раньше ведь как было. Кормили только тем, чем сами питались. И коты были здоровые и экономно.", Гроза, Animals&Pets, 26 май 2016
 Можно немножко отварного яйца давать и жидкий корм для котят,, Гость, Animals&Pets, 26 май 2016
" Есть специальные корма с полностью подобранным рационом, лучше чем-то таким.",, Elizve, Animals&Pets, 26 май 2016
" если котЭ - с родословной, то такие вопросы к заводчику. А если обычный - то они всеядные.. Им все можно давать со своего стола..",, Twiksi, Animals&Pets, 24 июн 2016
" странный вопрос... Вы когда покупали или брали котенка, что не спросили чем его кормить и к чему он привык?? давайте все что хотите  - он уже взросленький.",, Zidogj, Animals&Pets, 6 июл 2016
" еще можно перевести его на корм - консервы для котят а потом уже и для взрослых кошек. так намного удобней, не заморачиваться с приготовлением пищи.",, Xyhuvupu, Animals&Pets, 6 июл 2016
" Есть же корма специально для котят. Они очень витаминизированы и очень полезные для маленьких животных. Лучше брать с желе, ибо они очень хорошо усваиваются. Посмотрите в магазинах, там их полно. Дети притащили с улицы такого чудесного малыша, что не смогли его обратно на улицу выставить.))",, Zidogj, Animals&Pets, 22 июл 2016
 Изменено 31 июл 216 пользователем Deez," Котенка взяла, ему 4 месяца, пока кормлю молоком, даю мясное детское пюре. А чем кормить еще?", Bizz, Animals&Pets, 31 июл 2016ttttttt(изменено)ttttttttttt
" Автор, посмотритерекомендации по правильному и здоровому питанию растущих котят. Кстати, я всегда думала, что надо давать питомцу витамины дополнительно. Оказывается не надо, если котенок питается сбалансировано. Переизбыток витаминов и микроэлементов тоже может нанести вред животному, причем серьезный.",, Deez, Animals&Pets, 11 авг 2016
" моно давать кашу детскую, я так кормила",, Регина, Animals&Pets, 11 авг 2016
" Думаю, что конечно и кашку подавать можно, но всё равно уверена в том , что корм должен быть специализированным и качественным. Нам ветеринар сразу же посоветовал только подобные корма давать, теперь кормим сухим кормом для кошек Hppy C Miks Он полностью сбалансированный и  приготовлен из свежего мяса, рыбы и ягненка! Кстати упаковка 1 кг очень удобна и экономична, нам хватает надолго. А самое главное котик здоровый резвый и очень любознательный.",, cchoosh, Animals&Pets, 24 авг 2016
" Красивая кошка, мы своего котенка взяли у заводчицы, кормит она своих питомцев только хорошим кормом, Биланкс называется. И нам подсказала его покупать. В нашем зоомагазине его нет, не привозят почему-то, хотя корм очень хороший, берем через интернет, да так и экономнее намного",, mizoloov, Animals&Pets, 11 ноя 2016
" да, если и корм то только хороший)но лучше натуралкой - отварная куриная грудка или куриная печень)",, Карина Морозова, Animals&Pets, 11 ноя 2016
" Сейчас уже мы ушли с детского корма и даю ему с курицей, марку менять не стали, так как хорошо идет корм биланкс, котик прям загляденье. Причем он у нас пушистый, но вот на то, лезет шерстка пожаловаться не могу.",, Augusi, Animals&Pets, 24 ноя 2016
" вообще то котят нельзя молоком кормить, если только кисломолочкой",, Гримерша, Animals&Pets, 24 ноя 2016
" мы свой корм, о котором я выше писала покупаем только в специализированных зоомагазинах, в мелкие торговые точки его не привозят."," В нашем зоомагазине его нет, не привозят почему-то, хотя корм очень хороший, берем через интернет, да так и экономнее намного", pkymsky, Animals&Pets, 30 ноя 2016
" в корме важен состав, мне понравился хиллс с дкг, оч полезный и незаменимый компонент. Натуралкой кормить действительно полноценно - очень дорого!",, Deez, Animals&Pets, 1 фев 2017
 все зависит от цены и вашего кошелька. и породы.,, Ylli, Animals&Pets, 1 фев 2017
 В 4 месяца уже все давала и корм и с нашего стола,, Xuos, Animals&Pets, 3 фев 2017
 со стола-то нежелательно животных кормить в перемешку с сушкой, В 4 месяца уже все давала и корм и с нашего стола, Zuli, Animals&Pets, 9 фев 2017
" Я котика тоже только сушкой кормлю, все таки так он получает больше нужных веществ!Конечно же не забываю его баловать, даю ему мяско, куриную грудку и говядинку)))",, Ylli, Animals&Pets, 11 фев 2017
" Я в начале давала вискас, потом постепенно научила кота кушать хлеб. Сейчас в основном хлеб кушает, и раз в сутки немного мяса даю.",, kzlodeyk, Animals&Pets, 18 фев 2017
 кормление одним хлебом еще ни одно животное до добра не доводило...," Я в начале давала вискас, потом постепенно научила кота кушать хлеб. Сейчас в основном хлеб кушает, и раз в сутки немного мяса даю.", BMDBMW, Animals&Pets, 15 мар 2017
"какой-то странный способ кормления, вам животное не жалко? Как же витамины, минералы? Кормите хорошим кормом, хиллс обходится в 5 рублей в месяц, зато животное сыто и гарантированно ест здоровый корм.","Я в начале давала вискас, потом постепенно научила кота кушать хлеб. Сейчас в основном хлеб кушает, и раз в сутки немного мяса даю.", Ylli,Animals&Pets,22 мар 2017
" Есть специальные корма для подростков, я предпочитаю варить кашку и добавлять полрвинку баночки или пакетика корма",,Deez, Animals&Pets, 22 мар 2017
" перед использованием необходимо проконсультироваться с ветеринарным врачом. Суточное количество корма может меняться в зависимости от породы, условий содержания и темперамента.",, L1967, Animals&Pets, 6 апр 2017
" прям концлагерь какой-то. Причем тут порода? Есть рекомендуемый объем - вилка, в ее пределах животное кушает, а зависит уже от конкретного дня, в один день животное ест больше, в другой меньше. Я выше писала корм, так он у нас в свободном доступе и всем удобно."," перед использованием необходимо проконсультироваться с ветеринарным врачом. Суточное количество корма может меняться в зависимости от породы, условий содержания и темперамента.", Гость, Animals&Pets, 10 апр 2017
 , кормление одним хлебом еще ни одно животное до добра не доводило..., Deez, Animals&Pets, 28 май 2017
" нет животных, не знаю в этом ничего)",, BMDBMW, Animals&Pets, 29 май 2017
 ну в таком случае - можно вообще на сухари его перевести - он тоже не умрет.. Но вот качество жизни животного - ухудшится)), Кот жив и здоров, Светлана89, Animals&Pets, 29 май 2017
" К этому возрасту у котенка уже прорезались зубки и его пора переводить на автономное питание, приучая самостоятельно есть и пить из мисочек.Питание малыша должно быть максимально витаминизировано и особенно богато белком.",, Ujejuly, Animals&Pets, 7 июл 2017
" кстати это да, хиллс для котят по составу более белковый чем основной рацион для взрослой кошки. Но надо учитываясь что есть такие породы как Куны они до 1,5 лет растут и поэтому их кормить надо детским кормом дольше.", Питание малыша должно быть максимально витаминизировано и особенно богато белком., Kiochk, Animals&Pets, 3 янв 2018
"Здравствуйте! Породный питомник Чихуахуа предлагает щенков на все вкусы. В преддверии Нового года, который обещает быть годом собаки мы предлагаем приобрести щенка Чихуахуа , есть девочки и мальчики, гладкошерстные и длинношерстные. Оформление документов РКФ по желанию покупателя. Сегодня презентую двух парней опять же двух месяцев отроду))) Трехцветный очень подвижный и общительный. Белый поскромнее и будет поменьше брата. Доставку организуем.",, Deez,Animals&Pets,15 дек 2017
" Продолжаю презентацию новогодних талисманов))) Длинношерстная девочка, очень нарядная тоже продается)))",,Викарус, Animals&Pets, 16 дек 2017
" Какие очаровательные и забавные щенки. Очень ценное и полезное животное собака. Скрасит одиночество, отучит от лени, приучит к порядку. Взамен предлагают безусловную любовь, массу позитива и возможность завести новые и полезные знакомства.",, Викарус, Animals&Pets, 16 дек 2017
" Спасибо, Лисичка, это действительно так.)))",, Гость Лисичка, Animals&Pets, 16 дек 2017
 Еще фото этой девчульки,, Викарус, Animals&Pets, 17 дек 2017
"Взяли мои родители себе щенка, уж не знаю какой породы, какой то карликовой, милое создание, весёлый игривый малыш. Щенок подрос немного, и стал проявлять себя, копает цветы, грядки, газон, ну ладно, пару раз пшикнули на него, газеткой по попе немного похлестали, вроде перестал. Но началось другое, похлеще. Начал выть , лаять на любой шорох ночью!!! Дом наш недалеко от аэропорта, и слышно как пролетают самолеты. И собака очень бурно реагирует, когда слышит их. Короче, уже месяца 2 как не спим. Чё делать????? Антилай что ли вешать? Вдруг после антилая хуже станет? Станет еще более нервнымДа и жалко как то, все таки член семьи. Брали с собой в спальню, обкладывали игрушками, ругали ,пшикали водой когда лаял, все бестолку",, Викарус,Animals&Pets,9 сен 2017
" Здравствуйте! Наберитесь терпения, может быть это пройдет.Но если это собака карликовой породы, то скорее всего будет лаять, мелкие породы склонны проявлять излишнюю говорливость.У нас мальтийская болонка, собаке три года, любитель полаять просто так, а особенно когда уходим из дома, начинает выть, тоже что только не делали.... Но так как собаку любим, то пришлось смириться.До этого была немецкая овчарка - голос подавала только по делу.Терпения Вам!",,didi27, Animals&Pets, 9 сен 2017
 Спасибо! Будем воспитывать!," Здравствуйте! Наберитесь терпения, может быть это пройдет.Но если это собака карликовой породы, то скорее всего будет лаять, мелкие породы склонны проявлять излишнюю говорливость.У нас мальтийская болонка, собаке три года, любитель полаять просто так, а особенно когда уходим из дома, начинает выть, тоже что только не делали.... Но так как собаку любим, то пришлось смириться.До этого была немецкая овчарка - голос подавала только по делу.Терпения Вам!", Гость, Animals&Pets, 10 сен 2017
" Антилай, кстати, может вам помочь. У нас тоже такая ситуация была. Пес лаял неистово и выл по ночам ,да и днем не затыкался. Было невыносимо. Взяли у знакомых антилай, настроили так что бы разряд был небольшой , хоть у крупный пес - лабрадор. Повесили на ночь. Только начал лаять, его тряхануло, он как заскулил, мы выбежали, сняли быстренько ошейник, и всю ночь не лаял. Впервые за несколько месяцев выспались. Потом вешали ошейник без батареек , собака запомнила что когда на ней эта штуковина лучше не лаять. Сейчас редко вешаем ошейник и лаятьперестал ночью. Днем конечно может и по часу лаять просто так. Но думаю это уже особенность характера.",, didi27, Animals&Pets, 10 сен 2017
 Пиздец! Бедный пес! На себя повесьте антилай!," Антилай, кстати, может вам помочь. У нас тоже такая ситуация была. Пес лаял неистово и выл по ночам ,да и днем не затыкался. Было невыносимо. Взяли у знакомых антилай, настроили так что бы разряд был небольшой , хоть у крупный пес - лабрадор . Повесили на ночь. Только начал лаять, его тряхануло, он как заскулил, мы выбежали, сняли быстренько ошейник, и всю ночь не лаял. Впервые за несколько месяцев выспались. Потом вешали ошейник без батареек , собака запомнила что когда на ней эта штуковина лучше не лаять. Сейчас редко вешаем ошейник и лаятьперестал ночью. Днем конечно может и по часу лаять просто так. Но думаю это уже особенность характера.", Гость Кристина, Animals&Pets, 12 сен 2017
 воспитывать нужно собаку а не вешать на нее антилай,, Гость Карина, Animals&Pets, 12 сен 2017
" У нас тойтерьер. Ой как он лаял! Не умолкал! Еще агрессивный был! Потом то ли перерос, то ли воспитался)) стал послушнее, но потявкать любит до сих пор. Моя тетя долго не парилась со своей собой, сделала операцию на связки. Ужасное зрелище! Собака хрипит так страшно. Вот это жесть, антилай еще не страшно.",, IiBoldi, Animals&Pets, 13 сен 2017
" блин а я за 7 лет так устала с собакой гулять каждый день.. неужели у всех так? или есть те, кому это и через 15 лет не надоест??",, Lik33, Animals&Pets, 7 дек 2017
" Моей маме 89 лет и последние 16 лет она гуляет с моей собакой (кроме чихов у меня был еще пудель). Я думаю, что именно это ей позволило дожить до такого возраста)))"," блин а я за 7 лет так устала с собакой гулять каждый день.. неужели у всех так? или есть те, кому это и через 15 лет не надоест??", Augusi, Animals&Pets, 15 дек 2017
"Я безумно люблю собак, породы хаски. Всегда мечтала, что заведу щенка именно этой породы. И вот, я в состоянии купить его, но меня отговаривают, мол, хаски любят холод, в наших краях им будет плохо... Скажите, так ли это и стоит ли заводить собаку?",, Викарус,Animals&Pets,4 фев 2016
" А из какого вы города?Мне кажется у нас, наоборот, климат теплее стал.",,Крошка, Animals&Pets, 4 фев 2016
" Мало того, что хаски любят холод, это еще и ездовая собака. Вы должны с ней будете очень много гулять, что бы она себя комфортно чувствовала. Что касается климата, в принципе, хаски уже привыкли к нашим температурам. Единственное, что летом старайтесь с ней гулять рано утром и поздно вечером, у собаки должна быть постоянно вода в миске. Хаски летом, часто прячутся от жары в ванной комнате, на кафеле.",, ВалерияДомашняя, Animals&Pets, 4 фев 2016
" Без хорошего выгула (минимум пару часов утром и вечером), хаски в конце концов перестануть быть теми, кем они должны быть.",, АнгеL, Animals&Pets, 13 апр 2016
" Порода хорошая, но по моему мнению требует тщательного ухода, по этому прежде чем заводить собаку рекомендуется узнать у заводчика есть ли у вас условия для содержания питомца.",, ГалинкаМалинка, Animals&Pets, 19 май 2016
" Порода гиперактивная. Их нельзя оставлять одних. Если живете в квартире, то вообще ни в коем случае нельзя заводить. Хаски - это не плюшевая игрушка с голубыми глазками.",, Викочка, Animals&Pets, 21 май 2016
 Я это понимаю и поэтому отказываю ребенку. Может быть таксу завести. Они вроде бы с детьми хорошо ладят.,, Пыщ-пыщ, Animals&Pets, 26 май 2016
" Если вы живёте в квартире, то вашей хаски там будет не очень хорошо. Они любят гулять, бегать, им нужно много места, и очень много гулять на свежем воздухе. Если у вас нет возможности много времени проводить с собакой, то хаски вам точно не подойдёт",, Tli, Animals&Pets, 26 май 2016
" Если вы живетев квартире, и у Вас нет достаточно времени на хаски, то не стоит этого делать. Эта собака гиперактивна. С ней нужно очень много работать.",, Белая роза, Animals&Pets, 2 июн 2016
" соглашусь, что порода очень активная, ей надо очень много времени уделять - гулять по часу, а то и два ежедневно. ЕЕ утомить - не возможно просто...Это учитывайте..",, Evgei_Wie, Animals&Pets, 24 июн 2016
 они очень классные,, Zidogj, Animals&Pets, 17 окт 2016
" Да, они классные. Только вот им активность нужна. Я всегда с этой точки зрения отталкиваюсь - смогу ли я обеспечить животному требуемую активность и подвижность? Лично я для хаски не смогу столько времени уделять...",, Jue, Animals&Pets, 26 окт 2016
" да собака крутая. Но с ней нужно очень много гулять - и не один два раза в неделю, а регулярно по несколько часов в день - при чем не просто постоять на месте - а постоянно гулять. Желательно даже на велике. Задумайтесь сможете ли вы дать этой собаке должное содержание. Если нет - то лучше выбирайте другую породу. Если с собакой не гулять она будет шкодить - а вам это рано или поздно надоест. Это я вам говорю как обладатель хаски.",, ТанцыНаСтеклах, Animals&Pets, 8 ноя 2016
" Ведь таким выносливым собакам, нужно за прогулку вылить всю свою энергию)) Но вот они такие забавные, это что то с чем то))"," да собака крутая. Но с ней нужно очень много гулять - и не один два раза в неделю, а регулярно по несколько часов в день - при чем не просто постоять на месте - а постоянно гулять. ", Настя26, Animals&Pets, 17 ноя 2016
" Хотите хорошую и счастливую собаку? тогда действительно нужен холод, активные прогулки и много места. Эта порода не для домоседов.",, LolkBlbolk, Animals&Pets, 30 ноя 2016
" Тоже мечтаю о такой собаке, но в квартиру мне ее жалко. Но у нас в городе некоторые держат и в квартире, часто вижу на массиве несколько. Красивые конечно)) А климат у нас разный, летом очень жарко, и тем не менее таких собак заводят.",, Deez, Animals&Pets, 3 фев 2017
" В квартире точно не вариант. У нас тут боль эта на виду постоянно( Соседи с хаски. Уже все их знают и не знают что с ними делать. Собака постоянно сидит на балконе. И летом и зимой. И скулит. Летом хозяева закрывали его на балконе, сами на дачу. Он бедный скулил..Все соседи на ушах стоят. Потом они стали просто выкидывать его на улицу, видать чтобы ""нагулялся сам"" где хочет и сколько хочет. Потом объявления висят - ""Пропала собака! Не видели??"" и ""Нашлась хаски. Звоните."" Это ппц просто. Из магазина выхожу - он стоит. И поймать то не могу и страшно, мало ли кто его может поймать и в усыпалку отправить или еще что. Что за ""люди""..Ни в коем случае не берить хаски в квартиру!",, Zuli, Animals&Pets, 11 фев 2017
" У меня, например, многие знакомые хаски в квартире держат, да и мы сами в квартире живем, в подмосковье. В подмосковном же питомнике hps://sow-dog.u/когда брали щенка себе, нас естественно спросили какие условия жилищные и прочее. Посоветовались, поговорили, обсудили. Нам сказали, что многие и просто в квартиру берут. Но конечно простор этой породе нужен, и побегать, и порезвиться. У нас буквально в паре километров лес, так что регулярно на прогулки ходим, и по лесу вместе гуляем. Так что - было бы желание,а возможности всегда найдутся.",, Nssi_N, Animals&Pets, 27 мар 2017
" хаски - это достаточно крупная собака. думаю, стоит покупать только в том случае, если вы ведете активный образ жизни, сможете с ней часто гулять. А еще ей нужен дом. По-моему, в городской квартире им тесно. А вообще чудесная порода)) Очень люблю их",, yzychis, Animals&Pets, 3 апр 2017
" Собака хорошая, только она не выносит жары.",, Kimi-Limi, Animals&Pets, 3 апр 2017
" А еще они воют, точнее издают противный звук когда радуются и когда грустят.",, k87, Animals&Pets, 10 апр 2017
 Хаски очень верная собака. К нашему климату они уже привыкли. Но надо будет ее часто выгуливать потому что это ездовая собака.,, Deez, Animals&Pets, 8 июл 2017
" С ней очень много гулять надо, а для этого нужно свободное время",, Kiochk, Animals&Pets, 9 июл 2017
"Котенку 3 месяца, британец, ходит в лоток только по маленькому... а по большому гадит где хочет... в основном на плитку в коридорекак научить его делать все правильно...?",, Suolg,Animals&Pets,14 янв 2016
 Собрать из плитки и положить ему в лоток чтобы он слышал там запах. нам помогло.,,womlks.u, Animals&Pets, 16 янв 2016
" Пробовали, по маленькому всегда в лоток... а по большому всегда в коридоре... и лоток меняли.. и еще один ставили.. и древесный наполнитель и песок сыпали... что с ним не понятно...",, Mil, Animals&Pets, 16 янв 2016
 Вариант..., Собрать из плитки и положить ему в лоток чтобы он слышал там запах. нам помогло., womlks.u, Animals&Pets, 2 фев 2016
 , Собрать из плитки и положить ему в лоток чтобы он слышал там запах. нам помогло., Si-Si, Animals&Pets, 4 авг 2016
" Мы в лоток учили, но пришлось решетку снять, без решетки только ходит. Не нравится нам она, наполнители не покупаем.",, BlodDoll, Animals&Pets, 11 сен 2016
" У нас примерно та же история. Кот породы Турецкий Ван, котенком подарили, сейчас ему 9 лет будет, и в лоток свой ходит только по маленькому, а по большому ...на тряпочку, что рядом лежит, тут же, в туалете. Сходит на неё, завернет со всех сторон, вот вам сюрпрайс Это его особенность, и сколько бились, никак. Разве что только на улице с ним гуляем, он в кустик сходит.",, Азалия, Animals&Pets, 11 сен 2016
" Нас спас наполнитель, попробуйте какой-нибудь другой, если совсем тяжелый случай, то советую специальные приучающие к лотку наполнители попробовать, только тут главное на обычный рекламный обман не нарваться,, причем с ним кот с первого раза пошел в лоток (хотя в нашем случае он ни по-маленькому, ни по-большому в него не ходил) и с тех пор промашек не было, но мы и наполнитель не рискуем менять",, KiS, Animals&Pets, 26 май 2017
"Антицарапки- это защитные колпачки, которые одевают кошкам на когти, если животное часто царапается. Они абсолютно безопасны и являются лучшей альтернативой операции по удалению когтей.Антицарапкизащитят от царапин взрослых и детей, диваны и кресла, стены и обои, одежду и занавески. Кроме того, мягкие накладные коготки для кошек помогут искупать животное в ванне или дать лекарство без боязни получить царапину, а также защитят одну кошку от другой. мягкие коготки или Sof clwsЕсли в вашем доме скоро появится маленький ребенок, или вы решите поменять мебель и сделать ремонт в квартире, наши мягкие накладные коготки окажутся очень полезными. Отучить кошку царапаться действительно сложно. Порой для этого требуется много усилий и времени.Антицарапкирешат эту проблему сразу и навсегда.",, pkymsky,Animals&Pets,28 дек 2015
" Честно говоря, я бы не стала одевать котенку такие насадки на когтики..Мне кажется это как-то будет ему мешать. Лучше когтеточки, тогда кот не будет ничего царапать.",, Tiy, Animals&Pets, 18 май 2016
" Да ладно какая кошка будет в этом ходить. Они даже ошейники с себя срывают не говоря о том, что царапки. Разве что на клей их приклеить может тогда в том случае поможет.",, Киана, Animals&Pets, 19 май 2016
" Я не сторонник подобных аксессуаров для кошек. Как ни крути, а инородные предметы будут мешать кошке, и это сплошные мучения для него. Лучше с детства приучать его точить когти в специальном месте, и не будет проблем.",, Майская, Animals&Pets, 1 июн 2016
" такие антицарапки есть и для собак. Они не мешают абсолютно, это заблуждение. Но привыкнуть к ним животное должно. А это порой тяжело происходит.",, Zidogj, Animals&Pets, 24 июн 2016
 а почему бы просто аккуратно не подрезать когти и все?,, Lyl, Animals&Pets, 24 июн 2016
 Проще действительно подрезать немного когти и сделать их неострыми.. эти антицарапки будут у кошек слетать и потом их ищи по всей квартире),, Ali9, Animals&Pets, 9 авг 2016
" Капец, уже выдумали такую штуку. зачем? У нас когтеточка и этого хватает.",, Tli, Animals&Pets, 9 авг 2016
 я подрезаю когти и все. никаких проблемм),, Xylivo, Animals&Pets, 30 сен 2016
 моя бы кошка в первый день все эти насадки поотрывала бы,, Jue, Animals&Pets, 17 окт 2016
 В таких насадках кошке будет жутко неудобно ходить. Она все равно найдет способ содрать их с себя. Так зачем издеваться над животным? Лучше приучить кошечку к когтеточке.,, OlgOlg_5, Animals&Pets, 7 ноя 2016
 , В таких насадках кошке будет жутко неудобно ходить. Она все равно найдет способ содрать их с себя. Так зачем издеваться над животным? Лучше приучить кошечку к когтеточке., LolkBlbolk, Animals&Pets, 6 янв 2017
 антицарапки под цвет глаз. Очень гармонично смотрится!,, Ylli, Animals&Pets, 1 фев 2017
" у меня ходят без этих насадок, точат когти свои. и радуются жизни.",, Xuos, Animals&Pets, 1 фев 2017
