users,text,times,topic,quote
sev6,"Любимый учился в экономическом, создавал разные презентации. Чтобы теперь бесхозно не лежали, я вот предложила ему загрузить их на ютуб. В будущем продолжать развивать эту сферу. Кому несложно, гляньте ролик пожалуйста, скажите какие плюсы и миунсы в видео, что лучше поменять и т.п. Буду благодарна за советы!",18 авг 2019,Art&Hobbies,
 Екатерина Дятлова," Мне видео, очень понравилось.. Рассказано все доступно, пробуждает интерес к книге. И даже стимулирует на то, чтобы пересмотреть свои взгляды на жизнь, которой человек живет! Мне кажется менять ничего не нужно!!!", 15 окт 2019, Art&Hobbies,
 sev6," Так приятно, спасибо", 12 ноя 2019, Art&Hobbies," Мне видео, очень понравилось.. Рассказано все доступно, пробуждает интерес к книге. И даже стимулирует на то, чтобы пересмотреть свои взгляды на жизнь, которой человек живет! Мне кажется менять ничего не нужно!!!"
 belle34, Очень интересно! И главное не затянуто.)будем ждать еще видео, 9 янв 2020, Art&Hobbies,
 sev6," Узнала, что этот Джеймс Сидис знал от 4 до 2 языков и свободно переводил с одного на другой. Плюс IQ у него был под 3. Такое вообще может быть?", 1 мар 2020, Art&Hobbies,
 sev6," Как думаете, рабочая ли схема увеличения своего благосостояния от Роберта Кийсоаки?", 3 апр 2020, Art&Hobbies,
 Bloody My," Классный ролик! ""Бедный папа, богатый папа"" эта первая книга о бизнесе, которую я прочла, а точнее сказать прослушала) После были и ""Квадрант денежного потока"", и другие его произведения. Лично я для себе подчерпнула многополезного изэтой книги, и по сей день применяю некоторые описанные в ней правила. После прочтения этой книги я сменила работу и нисколько об этом не жалею. Получив новый опыт, двигаешься по жизни гораздо смелее и увереннее! Кто не читал, - очень рекомендую!", 4 апр 2020, Art&Hobbies,
 dmm51," hps://scee-ecodig.u/kk-sim-lesplei.phpВполне возможно, что в будущем это ему пригодится. Буд рад, если смог помочь.", 9 мар 2021, Art&Hobbies," Узнала, что этот Джеймс Сидис знал от 4 до 2 языков и свободно переводил с одного на другой. Плюс IQ у него был под 3. Такое вообще может быть?"
CveokOK,"Привет девочкиВ данный момент по болезни (упаоа и закрытый перелом голени)нахожусь дома. Дочь и подруги приходят часто - но хочется заняться чем-нибудь, как хобби,чтобы не убивать много времени ща компьютером и телевизором.",26 мар 2017,Art&Hobbies,
 Xyhuvupu," капец. У меня нет времени на все - а вы не знаете чем заняться??)))вязаниецветыбисерканзашкиготовка блюд, украшенияи еще много чего..В зависимости от того, что вы любите и ваши предпочтения.", 27 мар 2017, Art&Hobbies,
 Nli Dileko Y," дома дел полно))) для души, тела, по хозяйству можно что-то придумать", 27 мар 2017, Art&Hobbies,
 FoiOll," Вышивание, одно из моих самых любимых хобби. Я даже наборы для вышивания бисером часто покупаю в интернет-магазине, мужа пробовала подсадить, но ему как-то не очень интересно, что собственно и логично, все же не совсем мужское это дело, по-моему. Поэтому сама буду и дальше развивать свои навыки, тем более в интернете есть наборы за достаточно низкую цену", 14 авг 2017, Art&Hobbies,
 Саморитянка," Я собираю марки уже давно, мне нравится мое хобби.", 24 авг 2017, Art&Hobbies,
 Дама-S-Амстердама, Вязание! Идеальное и полезное занятие! 1%, 24 авг 2017, Art&Hobbies,
 Kei_M," Если Вы находитесь в поисках интересного хобби или рукоделия – попробуйте квиллинг! Это несложное на первый взгляд рукоделие заставит играть ваше воображение, а для детей станет полезным занятием для развития моторики. Не верите? Убедитесь в этом сами!Художница из Стамбула Сена Руна ( Se Ru ) открыла для себя квиллинг во время работы в качестве сотрудника отдела кадров. Когда она поняла, насколько удивительны её способности закручивания бумаги, она бросила свою работу. Сейчас Руна живёт мечтой каждого художника, обеспечивая себя своим творчеством. В её произведениях смешиваются цвет, текстура и форма в изящную композицию. Чтобы придать своим работам дополнительную глубину, Руна иногда включает нарисованные и раскрашенные элементы.Вот её потрясающие работы:Источник", 13 ноя 2017, Art&Hobbies,
 Гость," А я вот скрапбукингом занимаюсь. Случайно втянулась в это занятие и уже не оторваться. Творю альбомы (десткие, взрослые, для путешествий и т.д), открытки, бэбибуки , коробочки мамины сокровища (для хранения первых детских вещичек). Кому интересно, заходите внизу в подписи все ссылки есть.Вот видео обзор по моему альбому для девушки:Самое главное, не тратить впустую время на телевизор и сидение в соцсетяхна всякой развлекухе. Жизнь одна и надо что то в ней успеть сделать полезноеИзменено 14 ноя 217 пользователем Ty_84", 14 ноя 2017ttttttt(изменено)ttttttttttt, Art&Hobbies,
 Augusi, Можете английским языком начать заниматься дома)по скайпу) очень интересно и полезно для работы), 14 ноя 2017, Art&Hobbies,
 NikKf," Коллекционирование - очень интересное хобби. Или, если есть склонности к рукоделию, - изготовление авторских игрушек. Их кстати продавать потом можно. Видела, на Виолити целый раздел есть посвященный этим изделиям. Такое себе хобби-бизнес", 28 ноя 2017, Art&Hobbies,
 Alew32," Мне кажется сейчас бы идеально для вас подошло вышивание, этим хобби можно спокойно заниматься дома, так что мне кажется это идеальный вариант,можно отыскать как раз подходящее по доступной цене)", 30 ноя 2017, Art&Hobbies,
 AlisSpb," Я, просто обожаю вышивать бисером. Правда времени свободного мало, а так, каждую свободную минутку сразу за иголку берусь.", 30 ноя 2017, Art&Hobbies,
 Augusi, Чтение тоже можно как хобби рассматривать) никогда не надоедает + всегда можно что-то почерпнуть из книг) посмотрите подборку книгнаверняка заинтересует какой-нибудь роман), 1 дек 2017, Art&Hobbies,
 МамаЧуда," Я очень люблю читать. Считаю, что хорошая книга меняет человека и совершенствует. Подумайте, в какой области вашей жизни вы бы хотели подтянуться- для этого можносделать колесо жизни, если не делали (погуглите, вещь очень интересная), проставить цели на будущее, заняться планированием, помечтать (только прям качественно, с визуализациями, с написанием идеальной картинки через 5 лет, например). Ну и исходя извсего этого и выберете, что для вас ценно и важно в этот момент: заняться вышиванием, которое обожаете, или выучить английский, до которого никак не доходили руки, а может- заняться инвестированием денег ипривести в порядок домашнюю бухгалтерию, или прочесть книгу интересную по психологии или увлекательный роман, а может прокачать свои знания в области тайм-менеджмента и сделать всё это сразу)", 4 дек 2017, Art&Hobbies,
 Augusi, Вот-вот) особенно на английском языке)очень круто для развития и изучения языка!), 4 дек 2017, Art&Hobbies,
 МиккмИ," заказывайте ресурс у компании Лионит, и зарабатывайте) даже сидя дома)", 11 дек 2017, Art&Hobbies,
 Лисичка," Я никогда не умела рисовать, но очень хотелось. И вот недавно открыла для себя технику алмазной вышивки, или как ее еще называют, алмазной мозаики. Это стало моим хобби. Это очень увлекательное занятие, подходит не только женщинам, им можно увлечь всю семью, особенно детей. Алмазная вышивка пришла к нам из Китая. Картины, выполненные в такой технике, смотрятся эффектно, переливаются всеми цветами радуги, что придает картине дорогой и современный вид. С помощью таких картин можно украсить любой интерьер, как дома, так и в офисе.Для их выполнения не нужны специальные навыки.Но есть и свои нюансы в их выполнении. Это становится ясно только в процессе работы. Это творчество в чистом виде. Алмазная вышивка— это довольно, так как стразы должны плотно прилегать друг к другу и занимать каждый свою ячейку. Поэтому необходимо терпение, твёрдая рука и хорошее освещение, и свободное время. Наборы для алмазной вышивки продаются в каждом магазине для рукоделия, а также интернет-магазинах. Выбор огромен, да и цены вполне демократичны.Также можно пойти дальше и составить схему для вышивки самой, например, фотошопе, или взять любую схему для вышивки крестиком или бисером. Стразы можно купить отдельно. На этом даже можно заработать.Очень рекомендую!", 23 дек 2017, Art&Hobbies,
 FoiOll," Не знаю актуален ли для автора все еще этот вопрос , но может другим пригодится мой совет. Я в свое время нашла для себя очень классный вариант интересного и полезного хобби, вышивание. Я покупала вышивальную в инете, так дешевле. Да и выбор такой, чтов принципе там можно найти все что душе угодно.", 15 янв 2018, Art&Hobbies,
 hiec322," Моя жена вот сидит дома ,вышивает бисером,делает разные всякости из фетра, клеит какие-то коробочки...Ей это нравится,потому находит себе постоянно идеи!", 13 апр 2018, Art&Hobbies,
 Мультивитамин," Если рукоделие не по душе, то лучше всего читать, смотреть фильмы по книгам - роскошь, на которую часто не хватает времени", 24 сен 2018, Art&Hobbies,
 Evgei1983," Очень неплохо заниматься созданием украшений. Мастер-классов – море. Например, вот тут для начинающих чудесные, очень простые и понятные есть.Это затягивает. А если всё очень хорошо получается – можно дарить или даже продавать", 24 сен 2018, Art&Hobbies,
 ppolik, вязание, 21 янв 2019, Art&Hobbies,
 EleML," Дома дел всегда достаточно. Делать - не переделать. Но раз такая ситуация сложилась, то можно и себе любимой время уделить. Я лично все время пыталась хоть немного разобраться в астрологии, в этих гороскопах и влиянии планет на окружающих меня людей, когда лучшее время для какого то события выбрать и много еще разного. Когда недавно делали отцу операцию на глазах то подбирали время по совету астролога. Все прошло хорошо. Если есть желание то посмотрите бесплатные роликина многие свои вопросы найдете ответы, а заодно и с подругами обсудите насколько все соответствует в действительности.", 28 янв 2019, Art&Hobbies,
 EleML, Записалась в Центр духовного развития Марка Русборна. Вместе с подругой. После тренинга обязательно поделюсь впечатлениями., 24 мар 2019, Art&Hobbies,
 kiss25," Я то же записалась на тренинг к женщине она проофи в своем деле , по крайней мере много положительных отзывов в инете про нее ! Она учит женщин находить свою второю половинку всего двумя словами . Я Много проходила разных тренингов но такого результата я не добивалась не где ! Вот я и решила заняться самообразованием .Вот мое самообразование и есть не плохое хобби ! И Это все бесплатно !", 24 мар 2019, Art&Hobbies,
 LLeeuusy," Вязание, шитье разно всякое, лепка, вышивка, плетение и много еще всего)", 2 апр 2019, Art&Hobbies,
 EkeiN," Проведите время с пользой) Пройдите курс обучения в какой либо сфере, знания от которогопомогутпо работе,либо смогут принести дополнительный доход на фрилансе. Сама так изучала фотошоп.Если кому то будет интересно, что за курс я проходила, пишите)", 23 апр 2019, Art&Hobbies,
 vikoi222," Супер подход)) Мне тоже очень нравится обучаться чему-то новому, работаю из дома через интернет. Постоянное творчество и общение. Да и по дому все успеваю сделать", 24 апр 2019, Art&Hobbies," Проведите время с пользой) Пройдите курс обучения в какой либо сфере, знания от которогопомогутпо работе,либо смогут принести дополнительный доход на фрилансе. Сама так изучала фотошоп.Если кому то будет интересно, что за курс я проходила, пишите)"
 Evgush," Когда с супругом задумались о ребенке, я начала изучать возможности в интернете, чтобы во время декрета было чем заняться и плюс польза в виде дохода))) В итоге все это переросло в мое основное дело))) После декрета на работу не вышла. Тоже приобрела курс с пошаговым сопровождением.", 24 апр 2019, Art&Hobbies,
 КюшечкаН," А не пробовали заняться нумизматикой. Наверняка у Вас дома имеются какие-то старые монеты, может хотя бы времен СССР.", 25 май 2019, Art&Hobbies,
 Екатерина Дятлова," Вышивание крестиком, мое любимое занятие. Многие вышивают бисером картины или иконы. Можно попробовать алмазную выкладку картин, или большие пазлы собирать!", 14 окт 2019, Art&Hobbies,
 Alisk," Девчат, случайно наткнулась в интернете на совершенно удивительную школу, и всего за час нарисовала такую милую картинку, аж под впечатлением  . Возьмите листочек и ручку, результат порадует вас и приятно удивит домочадцев  .Ролик:hps://bi.ly/36Ovh", 7 янв 2020, Art&Hobbies,
 belle34," У меня моя свекровь прошлой зимой неудачно упала и в итоге сломала шейку бедра. Так эта безудержная женщина начала учить английский по скайпу, научилась вязать крючком и еще вспомнила прошлое и начала шить:)))в наш век высоких технологий можно никуда не ездить, потому что тебе все привезут сами.Муж просто оплачивал заказ, а дальше она уже сама с курьерами разбиралась.Скорейшего выздоровления!", 9 янв 2020, Art&Hobbies,
Lpochk,Кто нибудь делает ставки на спорт в интернете? На что обратить внимание новичкам?,31 окт 2017,Art&Hobbies,
 Relmccoy," Я сама не так давно занимаюсь спорт. ставками и первое время вообще вопросов было нереальное количество. Первое, что хочу посоветовать, это обратить внимание на сервис потому что там очень много полезной информации, как для новичка, так и для уже опытного игрока. Я, например, именно благодаря этому сайту узнал про такого букмекера, как Лига Ставок (на мой взгляд, это одна из лучших бк), на этом же портале я нашла подходящую для себя стратегию и постоянно отслеживаю спортивные новости и прочую информацию, которая хоть как-то может пригодиться. Так что, начните с изучения теоретических вопросов, а дальше уже постепенно разберетесь.", 31 окт 2017, Art&Hobbies,
 Kei_M, Всё это полуобман. Не стала бы связываться, 7 ноя 2017, Art&Hobbies,
 ppolik, я нет, 21 янв 2019, Art&Hobbies,
 Heicuss, Разведут и глазом не моргнут. Зачем нам это., 24 янв 2019, Art&Hobbies,
 EkeiN," Лучше не соваться в эту сферу. Люди, которые очень хорошо разбираются в спорте и следят за командами не редко проигрывают приличные суммы. Кто то разрабатывает выстраивая какую то систему. Был у меня один знакомый, который, хоть и хорошо разбирался в футболе, делал ставки по теории вероятности. Каждый месяц он был в плюсе, но на незначительную сумму. Трудозатраты несоизмеримыприбыли.", 23 апр 2019, Art&Hobbies,
 Alikdom, гыыыыыы..... вот так облом, 12 ноя 2019, Art&Hobbies,
Ledivie,"Приветствую вас девченки.Мое любимое хобби, это кладоискательство.Муж научил меня и мы ходим вдвоем теперь.Это очень интересно и занимательно.Когда ты подымаешь с земли монету 1776 года у меня просто пульс зашкаливает.Никогда не подумала-бы что я буду этим заниматься. А у вас какое хобби?",7 окт 2019,Art&Hobbies,
Гость,"Школа класс! Очень доволен что нашел такую школу рядом с домом. Очень приятно, что преподаватели индивидуально подходят ко всем. Меня не так легко научить танцевать, но у них получается.",28 мар 2016,Art&Hobbies,
 pewedu, Я о таком еще не слышал, 5 окт 2019, Art&Hobbies,
Клетка,"В последнее время стали популярны украшения ручной работы. Мне что-то нравится, что-то не очень. Но я даже захотела сама что-нибудь такое делать, у меня много интересных идей. Девочки, а как вы относитесь к таким украшениям?",2 июн 2016,Art&Hobbies,
 Грета," Люблю рассматривать такие украшения). Прям есть такие интересные,что даже думаешь откуда только у людей фантазия берётся. У меня почти ничего нет из украшений ручной работы, только заколочки, но это только потому, что я в принципе украшения почти не ношу. Но мне нравится разглядывать их на других.", 13 июн 2016, Art&Hobbies,
 Xuos, люблю длать такие - но все больше для ребенка. Хотя она и сама садится и начинает плести и бусинки впутывать. Но чтобы себе нгадеть - такого мастерства нет.., 5 июл 2016, Art&Hobbies,
 Xyhuvupu, очень хорошо выходят всякие украшения для восточных танцев и прочих выступлений на сцене. Там фантазия может играть... А вот ежедневные... тут проблемка.., 12 июл 2016, Art&Hobbies,
 Сапфировая," Я не любительница, больше классика нравится.", 22 авг 2016, Art&Hobbies,
 Азалия, Мне нравятся покупаю у девочки знакомой из полимерной глины., 11 сен 2016, Art&Hobbies,
 T84," Мне очень нравятся украшения, но пока еще не покупала, не знаю с чем их носить.", 17 сен 2016, Art&Hobbies,
 Aleuhev55," Девчонки, зашла вчера в Леоардо - там прям самым безруким можно купить основы, наклеить всяких бусинок - и будет аутентичная вещь", 13 ноя 2016, Art&Hobbies,
 lcevis," Украшения ручной работы -- это уникальная вещь. Отношусь сугубо положительно, приятно иметь вещь ""несерийного"" производства.", 30 июл 2019, Art&Hobbies,
 Ksoweke," После переезда в Сочи у меня появилось новое хобби -шитье. Презентация работ. Юбка зеленая. Покрывало и наволочка -лоскутное шитье пэчворк, легкая сумка на плечо из старых джинсов. Все швы-только ручной работы, без применения швейной машинки.", 10 авг 2019, Art&Hobbies,
ОльгаФокс,"Коллекционирую столовое серебро ручной работы. А началось всё с того, что нам на свадьбу такой красивый набор подарили. Я влюбилась в него с первого взгляда. Серебро такое прочное, аристократичное. Мыть его одно удовольствие. А ещё, иногда дарю столовое серебро в качестве подарков. Все безумно рады такую яркому, оригинальному подношению. Кто ещё такой же фанат серебра, как и я? Давайте пообщаемся)Изменено 15 фев 219 пользователем Сергей Владимировичссылки запрещены",14 фев 2019ttttttt(изменено)ttttttttttt,Art&Hobbies,
 Re," Тоже коллекционирую такое серебро и еще золото.Ну золото можно найди реже потому что для него нужно напрячься и поискать очень плотно. Любовь к коллекционированию привилмне дедушка который собирал очень долго марки, всякие медали и ордена. Мне очень нравиться это занятие.", 10 июн 2019, Art&Hobbies,
 Sveikhyc," Давайте поговорим о том, кто что собирает для коллекции.Делитесь, выкладывайте фотки своих коллекцийСама не увлекаюсь, вот разве что магниты на холодильник начала собирать, потому как друзья привозят, да и сама стала покупать.", 3 авг 2019, Art&Hobbies,
Dsh,"Я в последнее время начала много вязать, хотя раньше совсем не любила. Уже навязала всем носков, варежек. Не знаю что бы ещё придумать. Муж не очень любит вязаные вещи. Ребёнку связала шапочку, шарф, варежки. А что ещё не знаю. Может кто-то посоветует, куда мне девать свою энергию по вязанию с пользой?)",3 фев 2016,Art&Hobbies,
 Анна Викторовна," Можно организовать страничку социальной сети с вашими работами и продавать там вязаные вещи. Ну либо вязать на заказ. Сделайте себе рекламу, всё в тех же социальных сетях, и принимайте заказы. И реализуете свой талант, и прибыль получите. Можно начать со знакомых, а потом уже сарафанное радио поможет найти клиентов.", 4 фев 2016, Art&Hobbies,
 Майская," Можно обвязывать всех родственников и друзей. Проведите опрос среди них - кому что надо, и приступайте к делу. У меня мама вяжет, и мои подружки к ней часто обращаются, чтобы она им что-нибудь связала. Так что моей маме таким образом всегда хватает работы по вязанию))).", 6 июн 2016, Art&Hobbies,
 Xuos," есть очень симпотные тапочки для дома, гольфы ажурные, варежки ажурные.можно начать вязать свитерки какие-то на зиму, можно платье крючком - вообще пик моды сейчас.", 5 июл 2016, Art&Hobbies,
 Xyhuvupu, а я видела ажурные зонты... вот красота. Но чтобы дойтидо такого уровня - лет 5 надо кропотливо учится.., 12 июл 2016, Art&Hobbies,
 ДарьяСерова, Попробуйте простую кофточку на весну. Можно даже пушистенькую. Точно лежать и пылиться не будет, 12 июл 2016, Art&Hobbies,
 Zidogj," но даже для такой кофточки - надо умение работать и понимать как делать пройму, обработать края воротника и прочее..", 12 июл 2016, Art&Hobbies,
 vdowecko," Это не так сложно как кажется. Если получилось связать по выкройке, то обработать край ворота будет вообще не сложно. Особенно если работа делается крючком, там вообще простенько всё. проймы для пуговиц я обрабатываю оверлоком на швейной машинке, акнопки люверсы купить не проблема, они стоят не дорого.", 13 июл 2016, Art&Hobbies," но даже для такой кофточки - надо умение работать и понимать как делать пройму, обработать края воротника и прочее.."
 Resh9," Тоже пристрастилась к вязанию. Только пока не в таких объемах вяжу, и очень медленно, но надеюсь, все впереди.", 27 ноя 2018, Art&Hobbies,
 ld_gom," и я тоже, только на машинке)))", 27 ноя 2018, Art&Hobbies," Тоже пристрастилась к вязанию. Только пока не в таких объемах вяжу, и очень медленно, но надеюсь, все впереди."
 Resh9, Вот это вы молодец. Моя мечта уже давняя освоить машинку и сделать мини-ателье., 28 ноя 2018, Art&Hobbies,
 ld_gom," попробуйте тоже, успехов)))", 28 ноя 2018, Art&Hobbies, Вот это вы молодец. Моя мечта уже давняя освоить машинку и сделать мини-ателье.
 Resh9," Так бы, конечно, хотела", 28 ноя 2018, Art&Hobbies," попробуйте тоже, успехов)))"
 ld_gom, сейчас уже не так сложно найти машинку))), 28 ноя 2018, Art&Hobbies,
 Resh9," Ох, надеюсь.", 29 ноя 2018, Art&Hobbies, сейчас уже не так сложно найти машинку)))
 ld_gom, у меня из eileog замечательная машинка))) и выбрала ее максимально быстро))), 29 ноя 2018, Art&Hobbies,
 Resh9, Правда?Я как-то смотрю это как на сложный процесс., 29 ноя 2018, Art&Hobbies, у меня из eileog замечательная машинка))) и выбрала ее максимально быстро)))
 ld_gom, да как-то легко и просто все получилось)))а сейчас довольна очень))), 29 ноя 2018, Art&Hobbies,
 Resh9, Вы просто по отзывам ориентировались?, 30 ноя 2018, Art&Hobbies, да как-то легко и просто все получилось)))а сейчас довольна очень)))
 ld_gom, больше по поиску)), 30 ноя 2018, Art&Hobbies,
 Resh9, А как это?, 30 ноя 2018, Art&Hobbies,
 ld_gom," я фильтровала в поиске, чтобы найти нужную для себя))) нашла почти сразу))", 30 ноя 2018, Art&Hobbies,
 Resh9," Ок, попробую так посмотреть.", 30 ноя 2018, Art&Hobbies,
 ld_gom, удачи))), 3 дек 2018, Art&Hobbies,
 Resh9," Спасибо.Я уже поискала, есть отличные варианты.", 3 дек 2018, Art&Hobbies, удачи)))
 ld_gom," рада, что все получается)))", 3 дек 2018, Art&Hobbies,
 Resh9," Да, пока да.Скоро хотела бы уже заказать.", 3 дек 2018, Art&Hobbies," рада, что все получается)))"
 ld_gom, это отлично))), 3 дек 2018, Art&Hobbies,
 Resh9," Все, я сегодня заказала.Очень быстро получилось.", 4 дек 2018, Art&Hobbies,
 ld_gom, молодец))) я рада))), 4 дек 2018, Art&Hobbies,
 Resh9," Да, благодарю.", 4 дек 2018, Art&Hobbies, молодец))) я рада)))
 ld_gom, да не за что))), 4 дек 2018, Art&Hobbies,
 Resh9," Даже не ожидала, идеально сложилось.", 4 дек 2018, Art&Hobbies, да не за что)))
 ld_gom, теперь получится и миниателье))), 4 дек 2018, Art&Hobbies,
 Resh9, Надеюсь., 4 дек 2018, Art&Hobbies, теперь получится и миниателье)))
ld_gom,желаю успехов))),5 дек 2018,Art&Hobbies,Надеюсь.
 Resh9," Спасибо, очень приятно и ценно.", 5 дек 2018, Art&Hobbies, желаю успехов)))
 ld_gom," а если еще и бизнес, так вообще)))", 5 дек 2018, Art&Hobbies," Спасибо, очень приятно и ценно."
 Resh9," Да, это просто мечта.", 5 дек 2018, Art&Hobbies,
 ld_gom, сбывается))), 5 дек 2018, Art&Hobbies,
 ppolik, мало вяжу нет времени, 21 янв 2019, Art&Hobbies,
 Женя Петрова," Я как раз подумываю связать себе маленькое черное платье крючком, но никак не могу определиться с узором. Хотелось бы начать в ближайшее время, что к концу весны закончить. А то уж очень я медленно вяжу крючком.Спицами у меня намного быстрее получается.", 12 мар 2019, Art&Hobbies,
 КюшечкаН," раньше часто вязала, любила это дело. Почему то сейчас нет времени для этого.", 5 апр 2019, Art&Hobbies,
Гость,"Наверно у каждой девушки, ну или почти у каждой девушки есть какое-то хобби, будь то вязание, вышивка, декупаж…..А мое любимое хобби, скорее теперь даже и не хобби, а любимое дело – это скрапбукинг.А вот как все начиналось.…Со школьных лет, как я себя помню, я очень любила что-то делать руками: вырезать, клеить, ну и все в таком духе.Время шло, я выросла, вышла замуж и родила сынулю. И вот сидя в декрете в одном из журналов я случайна, наткнулась на статью про скрапбукинг, меня это очень заинтересовало.Это был 27 год, скрапбукинг в России был еще не так распространен, материалов для него купить было сложно, да и мастер классы почти все были на английском языке. Ну, все таки кое-что я нашла и начала изучать.Как сейчас помню свою первую закупку материалов, в моем городе, тогда как раз открылся магазин для творчества. Хотелось скупить все, казалось, что все нужно.Это сейчас, когда уже делаешь покупки, четко понимаешь, что пригодится в первую очередь, а что нет, хотя иногда трудно устоять перед всей этой красотой и даешь себе маленькую слабину, ну только иногда.И вот недолго думая, я начала «творить».Я решила сразу делать альбом на кольцах, даже не знаю, почему не выбрала открытку, ну не зря есть такое выражение, что некоторые люди легких путей не ищут, вот я из таких).Ох и долго же я над этим альбомчикам пыхтела, и вот он был готов.На тот момент мне казалось, что это просто шедевр.Конечно сейчас, спустя годы, я смотрю и вижу, что он далек от совершенства, но все равно он мой любимчик, так как он - это мое начало, первый шаг в большой и увлекательный мир скрапбукинга....Мой сайт - scp44.uА вот несколько моих последнихработ :Изменено 5 ноя 217 пользователем Ty_84",5 ноя 2017ttttttt(изменено)ttttttttttt,Art&Hobbies,
 womlks.u," Добро пожаловать на форум!Татьяна, у вас отличные работы!Это как хобби или на продажу делаете?", 5 ноя 2017, Art&Hobbies,
 CocoNk," Очень красиво! У меня терпения не хватает на такие вещи. Ни вязать, ни шить - ничего, только книги...", 5 ноя 2017, Art&Hobbies,
 Гость," Спасибо! А я наоборот, на чтение книг совсем нет времени, только скраплю. Но читать конечно тоже люблю, ох и почему в сутках не 48 часов...", 5 ноя 2017, Art&Hobbies," Добро пожаловать на форум!Татьяна, у вас отличные работы!Это как хобби или на продажу делаете?"
 CocoNk," Не столько чтение, сколько писанина. Только и на нее времени совсем не остается...", 5 ноя 2017, Art&Hobbies," Спасибо! И на продажу тоже делаю. Каждый день стараюсь делать шаги в развитии своего творчества: изучаю мк, занимаюсь рекламой, ищу клиентов., одновременно все делать конечно очень тяжело, но стараюсь идти к цели. Муж меня в этом поддерживает и это мне еще больше придает сил."
 Гость," Кстати, кого заинтересуютмои работы то сделаю на заказ - фотоальбомы (детские, свадебные, путешествия), бэбибуки , коробочки мамины сокровища для хранения детских вещичек первый зубик, локон и т.д.!Если вам нужен интересный и необычный подарок для себя, друзей или близких, то вещь ручной работы это то что надо. Они эксклюзивныииндивидуальны, а это очень ценится в наше время и , несомненно,вызывут восторг. Ведь прежде всего они подчеркнут ваше теплое отношение к человеку, которому вы дарите такой подарок.Такие подарки можно дарить на дни рождения, выписки из роддома, крещение малышей, свадьбы, юбилеи и другие праздники.Пишите в личку илиздесь в теме или на сайте моем, найдетевсе контакты.Отсылаю по почте по России, красивая упаковка гарантирована.", 7 ноя 2017, Art&Hobbies,
 womlks.u," Татьяна, ссылки на сайты запрещены, разместите у себя в подписи информацию и контакты (соц. сети можно).Выкладывайте еще свои работы, общаясь на форуме, вы может так найти себе клиентов. Мы будем только рады!", 7 ноя 2017, Art&Hobbies,
 vdowecko," Что бы продавать такие изделия, конечно нужно добиться безупречной работы. Я сама увлекалась этим, даже на порталезаказывала с другими девушками, выкройки редких вещей. Но увы, у меня не получалось аккуратно. А ваши работы очень даже ничего, дерзайте.", 21 дек 2017, Art&Hobbies,
 Гость, А я продолжаю совершенствоваться и вот мои последние работы с объемными страницамиВ данный момент осваиваю крутяцкие 3Dоткрытки на Новый год. Думаю будет нереально красиво ), 21 ноя 2018, Art&Hobbies,
 ppolik, красота, 21 янв 2019, Art&Hobbies,
 Гость," Недавно попробовала сделать альбомчикиз замши, он получилсяприятныйи мягкийна ощупь. А также с тиснением в виде сердечка и пяточек и надписью на обложке с применением термотрансферной пленки. Внутри сделала печатные листы и вот что получилось. Ещё внутри вклеила конвертик для памятных мелочей малыша. Кстати, этот альбомчик в наличие, если кому надо обращайтесь могу сделать и похожий с другими надписями, другим цветом обложки!", 19 мар 2019, Art&Hobbies,
Октава,"Хочу приобщиться к культуре китайского чая и чайных церемоний, с чего начать? Где можно найти хороший чай, какие аксессуары нужны для заварки и тд? Спасибо!",24 фев 2019,Art&Hobbies,
 Вероника Филатова," По самой церемонии не помогу, тут смотрите ютую, читайте статьи, много написано, но у каждого своё видение. А по чаю - можете смело заказывать в интернет-магазине золотой жук, достаточно хороший магазин, чай качественный, цены и доставка ок. Можно, кстати, с ними и посоветоваться, думаю не откажут, меня вот очень хорошо проконсультировали по пуэру", 24 фев 2019, Art&Hobbies," Хочу приобщиться к культуре китайского чая и чайных церемоний, с чего начать? Где можно найти хороший чай, какие аксессуары нужны для заварки и тд? Спасибо!"
Алиса,"Кто-нибудь покупал набор для алмазной вышивки? Расскажите, насколько трудно без опыта ее сделать? Я так понимаю там маленькие бусинки надо приклеивать к основе подбирая по схеме или я что-то путаю?",2 фев 2016,Art&Hobbies,
 H," Я покупала. Ничего сложного в принципе нет, но дело очень муторное и требует большого терпения. Мне было сложновато подобрать бисеринки нужных оттенков, цвета так похожи.", 2 фев 2016, Art&Hobbies,
 Xuos, я о такой не слышала. Надо попробывать. Еще один пунктик в хобби), 5 июл 2016, Art&Hobbies,
 Xyhuvupu, увлекалась бисерной вышивкой и украшениями - из паеток и прочим. А вот о алмазной - первый раз слышу.., 12 июл 2016, Art&Hobbies,
 lyoshi, Я тоже только бисерной занималась. Интересно об алмазной), 28 дек 2018, Art&Hobbies,
 elissbeh, какой-то загадочный вид вышивки..., 28 дек 2018, Art&Hobbies,
 lyoshi, Хахахах)Ну точно), 28 дек 2018, Art&Hobbies,
 elissbeh, прогуглю-ка на досуге, 28 дек 2018, Art&Hobbies,
 lyoshi, И я)Сейчас я вообще стала вышивать на машине), 28 дек 2018, Art&Hobbies,
 elissbeh, как классно..., 28 дек 2018, Art&Hobbies,
 lyoshi, Сама очень рада), 28 дек 2018, Art&Hobbies,
 elissbeh, еще бы...тоже хочу!, 28 дек 2018, Art&Hobbies,
 lyoshi, Все реализуемо)И нет ничего невозможного), 29 дек 2018, Art&Hobbies,
 elissbeh, наверное!, 29 дек 2018, Art&Hobbies,
 lyoshi," Я машинке радуюсь уже месяцев 5, радости, по ходу, нет предела)Хочу все больше дизайнов попробовать)", 29 дек 2018, Art&Hobbies,
 elissbeh," все так, но без понятия, с чего начать, если честно...", 29 дек 2018, Art&Hobbies,
 lyoshi, Машинку не так сложно выбрать), 29 дек 2018, Art&Hobbies,
 elissbeh, что бы вы посоветовали?, 29 дек 2018, Art&Hobbies,
 lyoshi, Просто прийти в магазин) Я вот в Текстильторге покупала)Там подскажут всегда), 29 дек 2018, Art&Hobbies,
 elissbeh," ладно, спасибо вам", 29 дек 2018, Art&Hobbies,
 lyoshi," Пожалуйста, вы потом напишите)", 9 янв 2019, Art&Hobbies,
 elissbeh, пока еще не успела зайти!но завтра-послезавтра...хочу своими глазами на все товары посмотреть, 9 янв 2019, Art&Hobbies,
 lyoshi, Это хорошо), 9 янв 2019, Art&Hobbies,
 Youde," Алмазная вышивка - это не совсем вышивка, скорее просто аппликация блестящими стразами) Если немного приноровиться- очень даже легко, цвета все в отдельных пакетиках со своими номерами, высыпаешь на плошку немного нужного, чтобы не смешивались", 9 янв 2019, Art&Hobbies,
 elissbeh," ага, потрогать хотя бы корпус, какой пластик там", 9 янв 2019, Art&Hobbies, Это хорошо)
 lyoshi," Если захотите, включат при вас, чтобы проверили в работе)", 9 янв 2019, Art&Hobbies,
 elissbeh," этому была бы рададумаю, тогда даже несколько раз придусначала потестировать, потом купить!", 9 янв 2019, Art&Hobbies,
 lyoshi," Да, я тоже приходила несколько раз)", 9 янв 2019, Art&Hobbies,
 elissbeh, такой же план у меняеду уже завтра, 10 янв 2019, Art&Hobbies,
 lyoshi, Удачи вам) Отличного и продуктивного визита), 10 янв 2019, Art&Hobbies,
 elissbeh, спасибо большое, 10 янв 2019, Art&Hobbies,
 lyoshi, Пожалуйста), 10 янв 2019, Art&Hobbies,
 elissbeh, так и получилось - продуктивный визит, 14 янв 2019, Art&Hobbies,
 lyoshi, Правда?), 14 янв 2019, Art&Hobbies,
 elissbeh," да, приехала посмотреть машину один раз, на второй уже забрала домой", 14 янв 2019, Art&Hobbies,
lyoshi,Ну это потрясающие новости)Я поздравляю),14 янв 2019,Art&Hobbies,
 elissbeh," благодарю, искренне большое спасибоподсказали очень в тему", 14 янв 2019, Art&Hobbies,
 lyoshi, Пожалуйста), 14 янв 2019, Art&Hobbies,
 di_di8," привет всем))) почитала тут, тоже обладательница вышивалки))) счастливая))", 8 фев 2019, Art&Hobbies,
 lyoshi," Привет, поздравляю) Мы все счастливые)", 8 фев 2019, Art&Hobbies," привет всем))) почитала тут, тоже обладательница вышивалки))) счастливая))"
 di_di8," ага))) и уменя тоже текстильторг, теперь смотрю швейную машину)))", 8 фев 2019, Art&Hobbies," Привет, поздравляю) Мы все счастливые)"
 lyoshi, Это замечательно)Такой же вам удачной покупки), 8 фев 2019, Art&Hobbies,
 di_di8, воу)) да будет так)))и чтобы в этом месяце все получилось купить))), 11 фев 2019, Art&Hobbies,
 lyoshi, Успехов с выбором)А потом в творчестве), 11 фев 2019, Art&Hobbies,
 di_di8, ураа)) спасибо)))и всего тогоже самого вам))), 11 фев 2019, Art&Hobbies,
Iiwk,"Кто-то фотографирует для себя, кто-то же для того, чтобы можно было похвастаться перед друзьями. Но можно ли считать фотографию хобби, если почти каждый ныне делает селфи и выкладывает в инстаграм? Это больше похоже на стиль жизни нашего общества.",6 фев 2016,Art&Hobbies,
 Буся," Вот как раз в случае хобби фотографируют как раз больше для себя: людям нравится сам процесс фотографирования и результат, но при этом они не охотятся за каким-то лайками в социальных сетях.", 6 фев 2016, Art&Hobbies,
 Миленькая)," Не... селфи - это себялюбие, а не хобби. У меня куча таких знакомых, которые обожают сами себя любимых. Фоткаются в разных позах, которые уже все равно однообразны из-за количества фоток и выкладывают и выкладывают себя в инстаграмм.", 28 мар 2016, Art&Hobbies,
 Фиона," Нет, такой вид фотографии мне не по душе- для меня это не искусство. Предпочитаю делать более менее профессиональные фото, а так же фотографировать дома, пейзажи.", 2 апр 2016, Art&Hobbies,
 ГалинаГолубева," А ведь фотографию нельзя назвать просто хобби. Это же нужно иметь талант, желание и умение, которое тоже приобретается с опытом. Разве не так? Я не думаю, что это можно недооценивать.", 25 апр 2016, Art&Hobbies,
 Любимка," Качественная фотография - это работа, а не хобби. Я не люблю фотографироваться и не особенно люблю фотографировать. Наверное это просто не мое.", 10 май 2016, Art&Hobbies,
 Киана," Можно если вы не делает фото на телефон. А постоянно улучшаете свои фото и мастерство, покупаете программы для обработки фото, а так же аппаратуру.", 19 май 2016, Art&Hobbies,
 Bizz," Это самое дебильное, делать селфи и выкладывать в инстраграмм. Признак полоумия.", 26 июн 2016, Art&Hobbies,
 Xuos," я селфи - вообще не понимаю. Не люблю чтобы кто-то лез в мою жизнь, и сама не лезу в чужую. А вот проф. фотографирование - это искусство. А вот интерессно - есть курсы или тренинги по фотографированию??", 5 июл 2016, Art&Hobbies,
 Xyhuvupu, я никогда не выкладывала ничего в сети и не собираюсь... Не приемлю этого по личным соображением. И проф. фото - это не считаю., 12 июл 2016, Art&Hobbies,
 Assi," Почему бы и нет, если фото стало таким доступным еще не значит что оно потеряло свою ценность, хорошие снимки по прежнему делают очень не многие", 31 июл 2016, Art&Hobbies,
 Сапфировая," Я пыталась заниматься фотографией, но быстро потеряла интерес. Моделью быть покруче.", 22 авг 2016, Art&Hobbies,
 li.l," мне очень нравилось( но уронила и разбила зеркалку, а новую никак не купим", 22 авг 2016, Art&Hobbies,
 Мирная-зефирная," Стала очень часто заказывать фотосессии, в смысле чтобы меня фотографировали. Реально подсела на это дело. Я очень не фотогеничная вообще по жизни, а так хоть есть, что выбрать. Фотографов беру недорогих, так как честно особой разницы не вижу. Конечно, перед этим смотрю работы человека.", 23 янв 2017, Art&Hobbies,
 Mdik," обычно самые миловидные девушки и стесняются фотографироваться, зато шаблонные ""красотки"" с тонной макияжа сорят своими фотографиями где только можно)", 15 июл 2017, Art&Hobbies,
 Dollypups," Правильное селфи - без одежды, но в инстаграмм не выложишь. О, идея для стартапа: открыть ""инстаграмм"" для ""ню"" и зарабатывать на средствах для мужской потенции. Должно заработать.", 26 авг 2017, Art&Hobbies,
 hiec322, можно ли вообще это называть хобби хммм, 26 мар 2018, Art&Hobbies,
 ppolik, интересно и увлекательно, 21 янв 2019, Art&Hobbies,
 Heicuss, Занималась когда-то, 24 янв 2019, Art&Hobbies,
Flo,"Я увлеклась декупажем. Преобразилась уже баночки для сыпучих, корзину для белья, коробку для игрушек. В следующих планах кухонные шкафчики. А как вы относитесь к такому творчеству? Хотели бы вы что-то дома преобразить?",4 фев 2016,Art&Hobbies,
 Kleo, Интересное хобби, 4 фев 2016, Art&Hobbies,
 Vikoik," Хобби действительно прикольное. Можно много чего интересного понавыпридумывать. Я пробовала только шкатулку украсить таким методом, хочу ещё конфетницу, вазу для фруктов и спецовницы сделать в одном стиле, чтобы на столе гармонично смотрелись.", 4 фев 2016, Art&Hobbies,
 Гугусик," Люблю руками делать всякие разные штучки для дома. Например, вот сделала себе баночку в ванной под всякие карандаши, кисточки. Но декупаж ещё не пробовала. Автор, похвастайтесь поделками.", 15 июл 2016, Art&Hobbies,
 Viksu, Декупаж - отличная штука. Я вот собираюсь преобразить у себя старенький комод. После декупажа окружающая действительность воспринимается совсем по другому. , 15 июл 2016, Art&Hobbies,
 Сапфировая, Подруга сходит с ума по этой технике., 22 авг 2016, Art&Hobbies,
 li.l, а как вы начали учиться?, 22 авг 2016, Art&Hobbies,
 POSKAL," Я тоже увлекаюсь декупажем. Бутылки, баночки, коробки и т.д. Очень интересно", 5 дек 2016, Art&Hobbies,
 ppolik, хорошее дело, 21 янв 2019, Art&Hobbies,
Интересная,"Здравствуйте! Подскажите пожалуйста,как называется вид кожи, имеющей бархатистую лицевую поверхность? Речь идет о выделки кожи (шитье), а не о коже лица! ))",17 ноя 2017,Art&Hobbies,
 ssv," Замша— мягкая бархатистаякожа, выработанная методомжировогоиформальдегидно-жировогодубленияиз шкур любых не очень крупных животных.Выпускаетсяискусственнаязамша, которая применяется для тех же целей, что и натуральная, но уступает последней по некоторым свойствам.Замшей также называются хлопчатобумажные и шёлковыеткани, имеющие с лицевой стороны ворс, идущие на верхнюю одежду.", 17 ноя 2017, Art&Hobbies,
 ppolik, точно, 21 янв 2019, Art&Hobbies,
Admil,Привет всем.Ну что сегодня мирно предлагает достаточно большое количество увлечении. И вот в такой ситуации мне хочется обсудить важно пристрастия. Элементарно Давайте поделимся У кого какие хобби.,24 сен 2015,Art&Hobbies,
 shev, Привет. Я рисую. Недавно поняла что всю жизнь мне нравилось рисовать. Вот и решила заняться этим. Решила купить товары для художников и пойти на курсы. Так и сделала и ничуть не жалею. Мне очень нравиться что со временем у меня получается все лучше и лучше)) И муж говорит что я стала гораздо спокойнее)), 28 сен 2015, Art&Hobbies,
 стар," не знаю можно ли это назвать хобби, но я играю на рояле. Очень люблю собирать компании для моих мини-концертов. Не сбылась моя детская мечта играть на большой сцене, но почувствовала себя настоящим музыкантом, играя на таком инструменте. Мужу постарался с подарком, знал о моём желании", 25 окт 2015, Art&Hobbies,
 lucky.ssky," А я выращиваю цветы, вся квартира уже заставлена горшками всевозможных форм и размеров ", 29 окт 2015, Art&Hobbies,
 Микра," не знаю можно ли назвать это хобби, но я вот английским по выходнымзанимаюсь.", 5 дек 2015, Art&Hobbies,
 АфиN, я думала у меня у одной хобби играть на рояле))), 22 янв 2016, Art&Hobbies," не знаю можно ли это назвать хобби, но я играю на рояле. Очень люблю собирать компании для моих мини-концертов. Не сбылась моя детская мечта играть на большой сцене, но почувствовала себя настоящим музыкантом, играя на таком инструменте. Мужу постарался с подарком, знал о моём желании"
 бант," да нас тут целая компания собралась пианистов. Я тоже очень люблю это занятие. Скоро праздник семейный, муж обещал в салон «Рояли и Пианино» съездить, буду сама себе подарочек выбирать", 23 янв 2016, Art&Hobbies,
 Ldy," я иностранными языками увлекаюсь, сейчас взялась за китайский в школе Биг Бен.", 5 фев 2016, Art&Hobbies,
 Ayu, А я картины бисером вышиваю и комнатными цветами занимаюсь., 29 фев 2016, Art&Hobbies,
 Niss, А мне нравится заниматься оригами) Можно совмещать с просмотром фильмов), 29 фев 2016, Art&Hobbies,
 Deeb," Совсем скоро можно будет открыть очередной велосезон и у меня останется одно единственное хобби, пока не начнутся осенние дожди ", 17 апр 2016, Art&Hobbies,
 Aleksdi," Очень люблю бегать в парке и кататься на велосипеде, походы.", 27 апр 2016, Art&Hobbies,
 Suz," Люблю быть всегда красивой, а хобби у меня как таковой нет.", 27 апр 2016, Art&Hobbies,
 elevolk, мне нравиться рисовать, 22 май 2016, Art&Hobbies,
 Ямпольская," Привет) Увлекаюсь все понемногу) Пишу стихи (думаю это дело забросить - шедеврами не пахнет), люблю читать. Подумываю обизучениииностранного...", 26 июн 2016, Art&Hobbies,
 Bizz, А я марки собираю., 26 июн 2016, Art&Hobbies,
 Xuos," Девочки, не поверите. последнее время - меня на хобби стало тянуть уж очень сильно: вязание, вышивка, канзаши, английский, карты таро и мантика, хиромантия и астрология..а еще кулинария, дизайн комнат...и столько всего - и все хочу узнать..))", 5 июл 2016, Art&Hobbies,
 Vels," Я плаванием занимаюсь, но это сложно назвать хобби. Думала найти себе занятие для поднятия силы мозга, но все ленюсь попробовать хоть что-то)", 10 июл 2016, Art&Hobbies,
 Ямпольская, А не хотите попробовать иностранный учить? Я вот недавно для себя английский открыла), 11 июл 2016, Art&Hobbies," Я плаванием занимаюсь, но это сложно назвать хобби. Думала найти себе занятие для поднятия силы мозга, но все ленюсь попробовать хоть что-то)"
 Xyhuvupu," первый раз слышу, что сериалы это хоббии))я хочу свой дом - поэтому мое хобби - искать возможные варианты ремонта и прочего. создавать себе зарисовки всего..))", 12 июл 2016, Art&Hobbies,
 Гугусик," А я увлекаюсь переделкой фоток  Однажды захотелось подарок для подруги разбавить чем-то не банальным, стала копаться в теме, искать удобную программу. В результате получилось увлечение.Обрабатываю в Phooshop или в Домашней Фотостудии.Вот, хвастаюсьЭто сделано в фотошопеА это в Домашней фотостудииИзменено 15 июл 216 пользователем Гугусик", 15 июл 2016ttttttt(изменено)ttttttttttt, Art&Hobbies,
 Kisi Wosk, Я занимаюсь фотографией - фотосессии и обработка в фотошопе, 15 июл 2016, Art&Hobbies,
 Tli," А сейчас так жарко, что не хочется ни хобби, ничего. Просто отдыхать и ездить к речке.", 15 июл 2016, Art&Hobbies,
 Гугусик, Хвастайтесь , 15 июл 2016, Art&Hobbies," А сейчас так жарко, что не хочется ни хобби, ничего. Просто отдыхать и ездить к речке."
 Гугусик, это моё любимое мороженое , 15 июл 2016, Art&Hobbies," Вот!!!! Мое хобби сейчас есть мороженое. Сегодня было плодово-ягодное.! Завтра выберу другое, но чтоб похолоднее))"
 Tli," Ну как, посмотрим, что за программка. Может это станет еще одним хобби.", 17 июл 2016, Art&Hobbies,
 Гугусик," Попробуйте, мне понравилось. Фотошоп более серьезная программа, конечно, но она дорогая или надо искать взломанную версию.В домашней фотостудии есть прикольная функция - создание календарей. Можно радовать близких, которые любят на стену вешать календарь.", 17 июл 2016, Art&Hobbies," Ну как, посмотрим, что за программка. Может это станет еще одним хобби."
 Tli," Есть у меня любительница. Сестра у меня любит...с собаками календари вешать. У нее еще и собачка есть, можно сделать ведь и с ней фотошоп.", 17 июл 2016, Art&Hobbies,
 Гугусик, , 17 июл 2016, Art&Hobbies," Есть у меня любительница. Сестра у меня любит...с собаками календари вешать. У нее еще и собачка есть, можно сделать ведь и с ней фотошоп."
 Tli, Красиво. А фон мне как нравится. Это же мой любимый цвет, 17 июл 2016, Art&Hobbies,
 Гугусик," Надо же, как совпало ", 17 июл 2016, Art&Hobbies, Красиво. А фон мне как нравится. Это же мой любимый цвет
 Сапфировая, Собираем монетки., 22 авг 2016, Art&Hobbies,
 li.l, кстати тоже фотошоп люблю) иногда подрабатываю на ретуши еще, 22 авг 2016, Art&Hobbies,
 Sidy," я увлекаюсь вязанием, к сожалению сейчас встречаю мало людей, которые этим же увлекаются..!", 29 авг 2016, Art&Hobbies,
 ki.28.28," У меня не хватает времени на хобби не на какие, по этому мое хобби исключительно работа..((", 29 авг 2016, Art&Hobbies,
shy,Я рублюсь в компьютерные игры онлайн.),10 ноя 2016,Art&Hobbies,
 elz, Вязать люблю спицами и крючком., 27 дек 2016, Art&Hobbies,
 Оксана," Я до сих пор смотрю мультики)) Аниме люблю, я прям отдыхаю под них", 27 дек 2016, Art&Hobbies,
 Ii_svopolev, Вам просто 18 лет наверное)))), 27 дек 2016, Art&Hobbies," Девочки, не поверите. последнее время - меня на хобби стало тянуть уж очень сильно: вязание, вышивка, канзаши, английский, карты таро и мантика, хиромантия и астрология..а еще кулинария, дизайн комнат...и столько всего - и все хочу узнать..))"
 Tige-ok," Я не знаю, хобби это или нет, но с детства очень люблю читать.", 18 янв 2017, Art&Hobbies,
 zumb," Футбол, хоккей, путешествия, книги, саморазвитие и моя работа то же мое хобби)", 18 янв 2017, Art&Hobbies,
 Жюли," С возрастом увлечения меняются точно. Никогда не увлекалась цветоводством (комнатным и садовым), а как появилась семья стало любимым делом)", 18 янв 2017, Art&Hobbies,
 Саша97," Я фильмы смотрю,спортом занимаюсь", 26 янв 2017, Art&Hobbies,
 Nelli, А я люблю книжки читать. получше всяких мультиков будетА я вот люблю книги читать.Увлекательнее всяких мультиков, 26 янв 2017, Art&Hobbies,
 Alek," как это вообще сравнивать можно? я люблю и мультики смотреть и книжки читать, по моему это две разные вещи.", 27 янв 2017, Art&Hobbies,
 Xuos," с чего вдруг такие суждения? По -вашему если проснулось желание развивать себя творчески и энергетически, то надо быть только малолеткой??", 27 янв 2017, Art&Hobbies, Вам просто 18 лет наверное))))
 FoiOll," Я всегда что то своими руками делаю, все такисамое лучшее что можно придумать - это смастерить что-то самому. Мне тут попалась недавно интересная схема на вышивку, хочу сделать маме подарок к дню рождения, вышить для неё красивую икону. Она у меня очень любит такие вещи, и наверняка оценит мои усилия. Главное, чтобы у меня всё получилось.", 22 июн 2017, Art&Hobbies,
 kisi i, А я занимаюсь воздушными полотнамиКто со мной?, 26 июн 2017, Art&Hobbies,
 Гость, Хороший подарок, 27 июн 2017, Art&Hobbies,
 Augusi, Я люблю тоже читать конечно же)) книги на английском сейчас читаю) начала с Форест Гампахочу все из списка освоить), 27 июн 2017, Art&Hobbies,
 Pumb," Люблю хендмейд! Занималась скрапбукингом долгое время, из пластики лепила.", 27 июн 2017, Art&Hobbies,
 vdowecko," В последнее время стала заниматься волосами людей=) Звучит странно??? Осваиваю азы парикмахерского искусства. Стрижки, прически..", 2 авг 2017, Art&Hobbies,
 Tiy," У меня очень много есть хобби, особенно в последнее время. занялась алмазной вышивкой - красотища получается. Люблю кулинарию, чтение книг, спорт.. На рыбалку с мужем люблю ездить.. и еще очень много чего)", 13 авг 2017, Art&Hobbies,
 yuli4k, Безумно люблю оригами, 13 авг 2017, Art&Hobbies,
 sveochk.mksi," Я люблю готовить. Целыми днями провожу на кухне и постепенно это так понравилось, что превратилось в хобби. Теперь люблю экспериментировать и создавать новые блюда. Ощущаю себя в роли творца чего-то прекрасного.А у моего любимого хобби - коллекционирование. Для меня это удобно тем, что всегда знаешь что подарить Если у кого-то есть такое же пристрастие, могу посоветовать удобный магазинчик. Детей тоже подсадил на это занятие, теперь почти на каждый праздник покупаем что-то для коллекции (у каждого своя).", 20 окт 2017, Art&Hobbies,
 Relmccoy, У меня хобби - ставки на футбол, 6 май 2018, Art&Hobbies,
 Lpochk," Кроме удачи и надёжной букмекерской конторы для успешных ставок ещё важна стратегия и точные прогнозы. Желательно с хорошей проходимостью. Прежде чем ставить рекомендую почитать специализированные форумы, сайты о ставках с описанием стратегий, советами новичкам и т.д. Там самые свежие новости футбола, результаты и обзоры матчей с видео, футбольные прогнозы, турнирные таблицы, статистика, в общем всё то, что может пригодится при выборе ставки.", 6 май 2018, Art&Hobbies," Я сейчас увлеклась ставочками на спорт. У меня друзья делают ставки - кто-то в плюсе, кто-то последние заначки тратит)) Я думаю, тут многое зависит от удачи и хорошего букмекера. Но в любом случае - очень затягивает."
 ig_$18," Если считать спорт хобби, то моё увлечение - это баскетбол, согласитесь довольно нестандартное увлечение для девушки) А есть ли ещё баскетболистки?", 12 ноя 2018, Art&Hobbies,
 ppolik, цветы люблю разводить, 21 янв 2019, Art&Hobbies,
Малинк@,"Не люблю я разного рода рукоделие, в свободное время люблю читать книги. Муж недавно подарил электронную книгу и я могу читать не только дома, но и в метро. А вы читаете, какие жанры у вас любимые?",7 фев 2016,Art&Hobbies,
 МилаЯ," Я люблю читать исторические романы и детективы. А вообще не так часто я читаю, как хотелось бы. Свободного времени на это совсем не хватает. Хотя если буду меньше перед компьютером торчать, оно может появиться", 7 фев 2016, Art&Hobbies,
 Фиона," Я люблю читать современную литературу и современных авторов. Конечно могу обратиться и к мировой классике, но в основном конечно меня интересуют бестселлеры. Люблю быть в курсе дел.", 20 апр 2016, Art&Hobbies,
 Lisssss," Ой, а у меня почти нет времени на чтение(. Так жаль. Раньше я очень много читала. Это было до рождения ребенка. Потом погрязла в быту. Да и компьютер много времени отнимает.", 22 апр 2016, Art&Hobbies,
 Лиана," У меня мало времени на чтение и к сожалению интернет вытеснят это занятие. В основном сейчас - эьто современная литература, но иногда так хочется почитать классиков.", 22 апр 2016, Art&Hobbies,
 Грета," Я люблю читать, но редко могу выделить на это время, поэтому одну книжку могу читать несколько месяцев. В основном читаю что-нибудь лёгкое, какие-нибудь детективчики или любовные романы. Не люблю слишком замудрённые сложные книги с глубоким смыслом. Чтение должно приносить удовольствие и расслаблять, а не нагружать мозг.", 1 июн 2016, Art&Hobbies,
 Mlik92," Раньше детективчики любила читать (Хмелевскую, Донцову), а сейчас больше по юмористическим повестям тащусь (трое в лодке... перечитала, начала теперь ""Понедельник начинается в субботу)", 1 июн 2016, Art&Hobbies,
 Bizz, Читаю фентези, 26 июн 2016, Art&Hobbies,
 Xyhuvupu," я читаю, но все больше по хобби и увлечениям своим.. на форумах сутками пропадаю..))", 12 июл 2016, Art&Hobbies,
 Alej," я вообще не люблю читать, не могу", 12 июл 2016, Art&Hobbies,
 Zidogj, Как хобби.. не могу сказать. А вот как необходимость для каких-то знаний - то вполне, 12 июл 2016, Art&Hobbies,
 Регина, А я обожаю научную литературу и книги по саморазвитию., 22 июл 2016, Art&Hobbies,
 Assi," Художественная, научная, да любая) читать полезно)", 31 июл 2016, Art&Hobbies,
 Tli, До сих пор нравятся романчики Поляковой. У меня их целый сборник., 1 авг 2016, Art&Hobbies,
 Ali9," Раньше я не очень любила читать, но в последнее время просто не могу без этого, читаю современную прозу классику и немного психологию и социологию - нужно по работе", 8 авг 2016, Art&Hobbies,
 Сапфировая, Эх... если б хватало времени..., 22 авг 2016, Art&Hobbies,
 L, Я тоже не читаю почти последнее время. Надо книжку электронную купить наверное., 9 сен 2016, Art&Hobbies,
 Гость Елена," Я люблю психологическую литературу и по саморазвитию, иногда романы читаю для разгрузки мозга.", 13 сен 2016, Art&Hobbies,
 Гость Эльвира, мне тоже нравятся книги по психологии. Вы каких авторов читаете?, 13 сен 2016, Art&Hobbies," Я люблю психологическую литературу и по саморазвитию, иногда романы читаю для разгрузки мозга."
 Mik_y," Есть свободная минутка, сразу книгу в руки. Люблю читать сильно.", 22 сен 2016, Art&Hobbies,
 NoKy," Я тоже люблю почитать интересную книгу. Сейчас читаю, Ангелы и демоны.", 24 сен 2016, Art&Hobbies,
 smy," девочки, к моему большому сожалению я не прочитала ни одной книги полностью в своей жизни. подскажите как себя заставить прочитать хотя бы одну? как получить интерес к чтению?", 3 окт 2016, Art&Hobbies,
 Гость," думаю, любовь к чтению дается с рождения. А как заставить? Найти интересную книгу для вас. Посмотрите форумы, спросите совета", 3 окт 2016, Art&Hobbies,
 smy," вот и спрашиваю совета. фантастику не люблю, люблю реальные правдивые интересные истории", 3 окт 2016, Art&Hobbies,
 K٥ᖘǿλěᏰά," А мне кается, это прививается с воспитанием.", 4 окт 2016, Art&Hobbies," думаю, любовь к чтению дается с рождения."
 Meik, Нравится фантастика романы и детективыИзменено 16 окт 216 пользователем Meik, 16 окт 2016ttttttt(изменено)ttttttttttt, Art&Hobbies,
 Мирная-зефирная," Не знаю, хорошо это или плохо, но я подсела на аудиокниги. Наушники вставила, и как бы читаю, а точнее слушаю. Руки свободны в это время, могу что-то полезное сделать)", 23 янв 2017, Art&Hobbies,
 Баюнушка," Люблю читать бумажные книги) Хотя и электронные тоже ничего. В последнее время ""подсела"" на психологическую литературу, сейчас читаю Эрика Берна, основателя трансактного анализа, следующая в очереди - ""Эффект Люцифера"" Зимбардо (организатора Стэнфордского тюремного эксперимента). А вообще - библиотека приключений рулит) Иногда, когда хочется ""чистого, доброго, вечного"" - сказки или фэнтези, Аркадий Гайдар и Крапивин, детские книги.Изменено 23 янв 217 пользователем Баюнушка", 23 янв 2017ttttttt(изменено)ttttttttttt, Art&Hobbies,
 Alek," После того как книгу купили мне на e-lik спокойно обхожусь без бумажных книг, во первых огромная библиотека и бессплатная, во вторых качество освещения всегда одинаковое и шрифты какие хочешь, как следствие не устают глаза, да и удобнее, всегда на той странице открыто на которой надо", 27 янв 2017, Art&Hobbies,
 Augusi, я давно уже обхожусь без бумажных книг)) но иногда хочется книгу в руках подержать!, 27 янв 2017, Art&Hobbies,
 Xuos," у меня чтение каждый день. Да я не читаю романы, но что-то интересное - читаю ежедневно.", 27 янв 2017, Art&Hobbies,
 Sevill," Из последнего, читала книгу Шантарам - просто потрясающая, хоть немного и не женская, но все же безумно увлекательная. Буквально не выпускала из рук, пока не прочла.", 30 янв 2017, Art&Hobbies,
 Шубкина," Интересные, вот недавно Фаворита одолела...", 18 фев 2017, Art&Hobbies,
 Meik, Читаю Гаррисона Тесс триллеры и на детективы подсела.Иногда романы Сандра Браун интересно пишет., 22 мар 2017, Art&Hobbies,
 Гость Леся, Люблю очень сильно читать. Особенно фэнтези., 2 апр 2017, Art&Hobbies,
ovesky.olek,Мне больше фантастика нравиться как у Лукьяненко...и Генри Лайон Олди просто обожаю...,4 апр 2017,Art&Hobbies,
 Mdik," только Хокинг, только научная публицистика. <3", 15 июл 2017, Art&Hobbies,
 hiec322," Я тоже не читал,пока жена не подсунула Вербера ""Империю ангелов""", 13 апр 2018, Art&Hobbies,
 Гость, Мненравится Александра Маринина. Все ее книги прочитала.Изменено 14 апр 218 пользователем  , 14 апр 2018ttttttt(изменено)ttttttttttt, Art&Hobbies,
 Люсьена," Акунин. Только старые книги интереснее, чем новые.", 14 апр 2018, Art&Hobbies,
 lisfev," Предпочитаю классику: Пушкин, Достоевский, Булгаков, Толстой, Гоголь...", 18 май 2018, Art&Hobbies,
 Lis_Bub," Я очень люблю Кинга ,почему-то он нравится больше всех писателей в своем жанре", 8 авг 2018, Art&Hobbies,
 Мультивитамин," Для меня чтение даже больше, чем хобби, пожалуй. Люблю хорошие коротки рассказы и современные романы, а вот фантастика вообще не по душе", 24 сен 2018, Art&Hobbies,
 DeisovAled," Наталья Нестерова ""Сибиряки"" про несколько поколений семьи, про коллективизацию и ВОВ, много чего. Не оторвешься.", 15 ноя 2018, Art&Hobbies,
 Augusi, я на английском языке читаю)сразу учу язык и провожу время за интересной книжкой) заканчиваю Форест гамп сейчас), 17 янв 2019, Art&Hobbies,
 Youde," Вернулась к художественной лит-ре с ""Моей гениальной подругой"" Элены Ферранте . Так гладко и образно пишет, что читать одно удовольствие", 18 янв 2019, Art&Hobbies,
 Тараканчик," Мне тоже фантастика нравится, только вот в телефоне уже глаза болят читать, хочу себе электронную книгу, не знаете какPockeBook, нормальная?", 18 янв 2019, Art&Hobbies,
 KukolkMsh," Покетбук, в принципе, одни из лучших. У них долгая гарантия (до 3 лет), качественный экран и мощная батарея. Кроме всего еще и ""всеядность"", что тоже немало важно.", 19 янв 2019, Art&Hobbies,
 Ssych235," Теодор драйзер ""финансит"" из последнего.", 19 янв 2019, Art&Hobbies,
 Youde," Настолько заметна разница при чтении с телефона и эл.бука для глаз? Смотрела у мамы, кажется что все такое серое, еще и перелистывается с особенностями", 21 янв 2019, Art&Hobbies,
 ppolik, я люблю читать, 21 янв 2019, Art&Hobbies,
Dy77,"Всем привет! Меня зовут Дарья, я занимаюсь лепкой украшений из полимерной глины.Делаю кулоны, браслеты, магниты, кольца, серьги из полимерной глины, а также мелкую бижутерию — бутоньерки, шпильки, заколки. Как по отдельности, так и в виде оригинальных наборов (серьги+кулон, кольцо+браслет...).Материал — полимерная глина (Fimo), фурнитура (металл, пластик)",8 сен 2015,Art&Hobbies,
 womlks.u," Очень красиво, hd mde всегда в почете!", 8 сен 2015, Art&Hobbies,
 Валерия," Расскажи как из чего делаешь, поэтапно:) Я хочу научиться!", 5 янв 2016, Art&Hobbies,
 Xuos," Валерия - не думаю, что мастеру есть желание рассказывать свои тонкости. Ведь не забывайте - чтобы дойти до определенного уровня - надо самой прояти курсы, а они стоят не мало..))", 5 июл 2016, Art&Hobbies,
 Xyhuvupu," а мне вот интересно - а куда такое можно одеть?? как-то не понимаю я... Вот ребенку для развития - пусть лепит, а женщине....", 12 июл 2016, Art&Hobbies,
 Гугусик," Под определённый стиль одежды - очень даже такие штучки подходят. К примеру, мне кажется, что под стиль кантри подойдут такие украшения.", 15 июл 2016, Art&Hobbies," а мне вот интересно - а куда такое можно одеть?? как-то не понимаю я... Вот ребенку для развития - пусть лепит, а женщине...."
 Сапфировая, Интересненько), 22 авг 2016, Art&Hobbies,
 li.l, красивовот что значит - руки откуда надо растут -, 22 авг 2016, Art&Hobbies,
 Азалия," Красота! мечтаю научит делать украшения из полимерной глины, как говорю вот выйду на пенсию и будет у меня ума свободного времени, а пока то денег нет на хобби, то времени не хватает.", 11 сен 2016, Art&Hobbies,
 T84," Девочки, ну как можно такую мелочь вылепить? Вот кто умеет прям талантище.", 17 сен 2016, Art&Hobbies,
 LiRIM," У Вас очень красивые вещи. Может пора уже задуматься о том, что бы хобби приносило доход?Реклама в социальных сетях не сильно привлекает покупателей. Моя подруга вышивает бисером картины. Она выставляла их в социальных сетях, но покупателей были единицы. Мы решили создать сайт иразместить там работы. Правда для его продвижения в сети, обратились в профессиональную студию, у самих это не получалось. И уже через день мы продали первую картину.Не бойтесь пробовать что-то новое.", 30 янв 2017, Art&Hobbies,
Tli,"Никогда не делалафото для инстаграмма, но прочитала очень полезную статью и думаю, что начну делать снимки. Только я хочу сделать что-то необычное и интересно. Чтобы не просто были фотографии, а целая история, которую не стыдно показать людям. Моя подруга уже использовала советы из статьи, и у нее получилось показать свой стильный внешний вид. Кто уже занимался таким делом? Насколько оно вас заинтересовало?",21 июл 2016,Art&Hobbies,
 Nik," Я пользуюсь инстаграм, очень интересно и прикольно!! Спасибо за ссылку, мне понравилась.Isgm всегда позволит вам рассказать, что рядом с вами))) Попробуйте, я думаю вам тоже придется по душе)))", 21 июл 2016, Art&Hobbies,
 Viksu," Честно скажу ничего нового и ничего интересного. Нужно было разместить статью, вот и склепали попсовый материал на тему как сфотать вещи. И почему только для Инстаграграм. Качественный, нестандартный снимок в любой сети, в любом месте привлечет внимане.", 21 июл 2016, Art&Hobbies," Никогда не делалафото для инстаграмма, но прочитала очень полезную статью и думаю, что начну делать снимки. Только я хочу сделать что-то необычное и интересно. Чтобы не просто были фотографии, а целая история, которую не стыдно показать людям. Моя подруга уже использовала советы из статьи, и у нее получилось показать свой стильный внешний вид. Кто уже занимался таким делом? Насколько оно вас заинтересовало?"
 miy, стать поучительна. спасибо за инфу..., 22 июл 2016, Art&Hobbies,
 Tli," А мне все новое интересно. Я никогда этого не делала. Вот также я никогда не пользовалась таким прибором, как, например, сканер. . Практически выполняет ту же работу, что и ксерокс. Но есть свои преимущества. Увеличена сама скорость сканирования, ашума от этого прибора намного меньше. Так что я за новшества.", 25 июл 2016, Art&Hobbies,
 Гугусик," Сканер очень удобная штука, можно все свои бумажные фото отцифровать ;-)", 29 июл 2016, Art&Hobbies," А мне все новое интересно. Я никогда этого не делала. Вот также я никогда не пользовалась таким прибором, как, например, сканер. А наша фирма купила такую машинкуhps://www.pof-sc.u/skeyи пришлось осваивать. Практически выполняет ту же работу, что и ксерокс. Но есть свои преимущества. Увеличена сама скорость сканирования, ашума от этого прибора намного меньше. Так что я за новшества."
 Tli," Так я начала подумывать о приобретении такого сканера. У меня тем более нет даже принтера и ксерокса)))) А пора давно купить. Ребенок растет, в школу нужно будет.", 29 июл 2016, Art&Hobbies,
 posomy, сходите на фотосессию - будут вам классные фотки., 15 авг 2016, Art&Hobbies,
 Tli, Как то не думала. Все чаще любительские фото., 16 авг 2016, Art&Hobbies,
 VioleY, я задумывалась о лове-фотосессии) было бы прикольно), 16 авг 2016, Art&Hobbies,
 gfoi, Сейчас найти хорошую студию не так и легко.. А цены все заоблачные ставят.., 17 авг 2016, Art&Hobbies, сходите на фотосессию - будут вам классные фотки.
Гость Nli,"Большое вам спасибо за этот курс, за терпение и внимание к студентам. Видно, что преподаватель знает свою работу. Во время обучения она выкладывается на все 1%. Было достаточно и теории, и практики. vk.com/club191982",11 фев 2016,Art&Hobbies,
Мася,"Подруга подарила на день рождения краски для ткани. Хочу сильно разрисовать джинсы, детскую футболку, кожаную сумку и туфли. С рисунком для детской футболки как-то определилась быстро, с туфлями тоже, а вот толковый рисунок для джинсов никак найти не могу. Может поможете? Жду ещё ваши идеи и готовые экземпляры с использованием краски для ткани.",2 фев 2016,Art&Hobbies,
 Ley," Да, действительно тяжко выбрать красивый рисунок для джинсовых изделий. Возникла идея поискать эскиз среди татуировок. Может там вас осенит а что-то интересное.", 2 фев 2016, Art&Hobbies,
